,Plastic,response,SE,df,lower.CL,upper.CL,.group,resp,timepoint
1,NA,NA,NA,NA,NA,NA,NA,NA,NA
5,NONE,44.83080822,1.003370378,30,42.80506857,46.90337994,C,cumulative_CO2,5
3,LDPE,46.34500658,1.020174503,30,44.28494832,48.4518969,C,cumulative_CO2,5
2,PBS,86.3026858,1.392147163,30,83.48295803,89.16924564,B,cumulative_CO2,5
4,PLA,47.68635516,1.03483249,30,45.5963613,49.82318108,C,cumulative_CO2,5
11,PLA/PHA,267.0341036,2.448817137,30,262.0563679,272.0586714,A,cumulative_CO2,5
51,NONE,113.5878531,2.365291913,30,108.7572826,118.4184236,C,cumulative_CO2,15
31,LDPE,116.8011599,2.365291913,30,111.9705894,121.6317304,C,cumulative_CO2,15
21,PBS,179.0059645,2.365291913,30,174.175394,183.836535,B,cumulative_CO2,15
41,PLA,118.5356236,2.365291913,30,113.705053,123.3661941,C,cumulative_CO2,15
12,PLA/PHA,582.232669,2.365291913,30,577.4020984,587.0632395,A,cumulative_CO2,15
52,NONE,202.331469,3.365378848,30,195.4584485,209.2044895,C,cumulative_CO2,30
32,LDPE,204.7978185,3.365378848,30,197.9247979,211.670839,C,cumulative_CO2,30
22,PBS,287.0187402,3.365378848,30,280.1457197,293.8917607,B,cumulative_CO2,30
42,PLA,210.234023,3.365378848,30,203.3610024,217.1070435,C,cumulative_CO2,30
13,PLA/PHA,936.4224631,3.365378848,30,929.5494426,943.2954836,A,cumulative_CO2,30
33,NONE,786.0227452,10.09701832,30,765.4018828,806.6436076,C,cumulative_CO2,193
53,LDPE,779.5007547,10.09701832,30,758.8798923,800.1216171,C,cumulative_CO2,193
14,PBS,936.5700522,10.09701832,30,915.9491898,957.1909146,B,cumulative_CO2,193
43,PLA,801.6885595,10.09701832,30,781.0676971,822.3094219,C,cumulative_CO2,193
23,PLA/PHA,2844.720993,10.09701832,30,2824.100131,2865.341856,A,cumulative_CO2,193
54,NONE,8.05273712,0.240290003,30,7.561999466,8.543474774,C,daily_CO2,5
24,LDPE,8.474729835,0.240290003,30,7.983992181,8.965467489,C,daily_CO2,5
44,PBS,12.26153867,0.240290003,30,11.77080102,12.75227633,B,daily_CO2,5
34,PLA,8.430862814,0.240290003,30,7.94012516,8.921600468,C,daily_CO2,5
15,PLA/PHA,40.68322367,0.240290003,30,40.19248601,41.17396132,A,daily_CO2,5
35,NONE,6.426085949,0.113886301,30,6.193499093,6.658672805,C,daily_CO2,15
55,LDPE,6.365422951,0.113886301,30,6.132836095,6.598009807,C,daily_CO2,15
16,PBS,8.053191215,0.113886301,30,7.820604359,8.285778071,B,daily_CO2,15
45,PLA,6.615023222,0.113886301,30,6.382436366,6.847610078,C,daily_CO2,15
25,PLA/PHA,26.22807601,0.113886301,30,25.99548915,26.46066287,A,daily_CO2,15
56,NONE,5.430731892,0.072100837,30,5.283482339,5.577981446,C,daily_CO2,30
36,LDPE,5.529387132,0.072100837,30,5.382137578,5.676636685,C,daily_CO2,30
26,PBS,6.647358092,0.072100837,30,6.500108539,6.794607646,B,daily_CO2,30
46,PLA,5.59286501,0.072100837,30,5.445615456,5.740114564,C,daily_CO2,30
17,PLA/PHA,22.82490609,0.072100837,30,22.67765653,22.97215564,A,daily_CO2,30
37,NONE,2.719009687,0.098904349,30,2.517020059,2.920999316,B,daily_CO2,193
57,LDPE,2.458745723,0.098904349,30,2.256756095,2.660735351,B,daily_CO2,193
18,PBS,2.84484364,0.098904349,30,2.642854012,3.046833268,B,daily_CO2,193
47,PLA,2.76755276,0.098904349,30,2.565563132,2.969542388,B,daily_CO2,193
27,PLA/PHA,6.74187758,0.098904349,30,6.539887952,6.943867208,A,daily_CO2,193
58,NONE,0,0,30,0,0.043302103,D,cumulative_CO2_plastic,5
28,LDPE,0.7591542,0.177556187,30,0.439838194,1.165074412,C,cumulative_CO2_plastic,5
48,PBS,23.92120535,0.996695136,30,21.92898443,26.00003048,B,cumulative_CO2_plastic,5
38,PLA,0.071081375,0.054331128,30,0.003424512,0.225342444,D,cumulative_CO2_plastic,5
19,PLA/PHA,158.8029491,2.568029989,30,153.6016343,164.0908681,A,cumulative_CO2_plastic,5
59,NONE,7.76E-31,1.87E-16,30,0,0.047120011,E,cumulative_CO2_plastic,15
29,LDPE,3.587337368,0.402629061,30,2.812179138,4.45673562,C,cumulative_CO2_plastic,15
49,PBS,35.19843475,1.261190477,30,32.66986019,37.82124934,B,cumulative_CO2_plastic,15
39,PLA,0.226451822,0.101159557,30,0.066976457,0.48016721,D,cumulative_CO2_plastic,15
110,PLA/PHA,351.0787233,3.983100482,30,342.9912669,359.2604197,A,cumulative_CO2_plastic,15
510,NONE,0,0,30,0,0.075455192,E,cumulative_CO2_plastic,30
210,LDPE,4.927645754,0.597146124,30,3.783565863,6.222636027,C,cumulative_CO2_plastic,30
410,PBS,45.12638459,1.807074879,30,41.51130053,48.89237904,B,cumulative_CO2_plastic,30
310,PLA,0.677852576,0.221476935,30,0.300991525,1.205624011,D,cumulative_CO2_plastic,30
111,PLA/PHA,569.8743884,6.421706432,30,556.8349694,583.0647178,A,cumulative_CO2_plastic,30
511,NONE,0,0,30,0,0.236046574,E,cumulative_CO2_plastic,193
211,LDPE,37.4580648,2.911976292,30,31.7470624,43.64116035,C,cumulative_CO2_plastic,193
411,PBS,77.29231018,4.182956137,30,68.98562065,86.07109285,B,cumulative_CO2_plastic,193
311,PLA,6.187920815,1.183552536,30,4.006830645,8.841104134,D,cumulative_CO2_plastic,193
112,PLA/PHA,1686.860645,19.54135928,30,1647.187912,1727.005471,A,cumulative_CO2_plastic,193
512,NONE,6.85E-32,3.97E-17,30,0,0.023968186,C,daily_CO2_plastic,5
212,LDPE,0.092518652,0.046115672,30,0.02230607,0.210667605,C,daily_CO2_plastic,5
412,PBS,1.704836942,0.197959032,30,1.32451885,2.133091406,B,daily_CO2_plastic,5
312,PLA,0.012890034,0.017213173,30,0,0.072012207,C,daily_CO2_plastic,5
113,PLA/PHA,23.19690947,0.730211992,30,21.72958582,24.7121695,A,daily_CO2_plastic,5
513,NONE,0,0,30,0,0.009266699,D,daily_CO2_plastic,15
213,LDPE,0.30825302,0.052339855,30,0.210627475,0.424411962,C,daily_CO2_plastic,15
413,PBS,0.743911904,0.081309183,30,0.587123098,0.919234108,B,daily_CO2_plastic,15
313,PLA,0.001069071,0.003082352,30,0,0.016630773,D,daily_CO2_plastic,15
114,PLA/PHA,16.09629281,0.378217635,30,15.33313605,16.87798296,A,daily_CO2_plastic,15
514,NONE,0,0,30,0,0.007518229,D,daily_CO2_plastic,30
214,LDPE,0.119003513,0.029292334,30,0.066698815,0.186344669,C,daily_CO2_plastic,30
414,PBS,0.466991742,0.058026809,30,0.356003418,0.593016524,B,daily_CO2_plastic,30
314,PLA,0.011400696,0.009066502,30,0.000402657,0.037435192,D,daily_CO2_plastic,30
115,PLA/PHA,14.57968762,0.324226266,30,13.92504747,15.24936422,A,daily_CO2_plastic,30
515,NONE,0,0,30,0,0.009054124,D,daily_CO2_plastic,193
215,LDPE,0.044533393,0.019664478,30,0.013427295,0.093747738,C,daily_CO2_plastic,193
415,PBS,0.185914014,0.040178674,30,0.11291234,0.277023937,B,daily_CO2_plastic,193
315,PLA,0.018485167,0.012669259,30,0.001665212,0.053413369,CD,daily_CO2_plastic,193
116,PLA/PHA,3.123482858,0.164686916,30,2.796201431,3.468872534,A,daily_CO2_plastic,193
516,NONE,44.83080822,1.040930655,30,42.73014618,46.98187419,C,cumulative_CO2_native,5
316,LDPE,45.34416359,1.046873513,30,43.23136461,47.5073665,C,cumulative_CO2_native,5
216,PBS,62.34440863,1.227530436,30,59.86265899,64.87656219,B,cumulative_CO2_native,5
416,PLA,47.58101106,1.072384053,30,45.41611261,49.79631344,C,cumulative_CO2_native,5
117,PLA/PHA,107.973009,1.615441057,30,104.6990402,111.2973817,A,cumulative_CO2_native,5
317,NONE,113.5878531,2.276810068,30,108.9379866,118.2377196,C,cumulative_CO2_native,15
517,LDPE,112.9541712,2.276810068,30,108.3043047,117.6040377,C,cumulative_CO2_native,15
118,PBS,143.7901603,2.276810068,30,139.1402938,148.4400268,B,cumulative_CO2_native,15
417,PLA,118.2436863,2.276810068,30,113.5938198,122.8935528,C,cumulative_CO2_native,15
217,PLA/PHA,225.692999,2.276810068,30,221.0431326,230.3428655,A,cumulative_CO2_native,15
318,NONE,202.331469,3.179809179,30,195.8374323,208.8255057,C,cumulative_CO2_native,30
518,LDPE,199.4005535,3.179809179,30,192.9065168,205.8945902,C,cumulative_CO2_native,30
119,PBS,241.854662,3.179809179,30,235.3606253,248.3486987,B,cumulative_CO2_native,30
418,PLA,209.5251196,3.179809179,30,203.0310829,216.0191563,C,cumulative_CO2_native,30
218,PLA/PHA,361.5538797,3.179809179,30,355.059843,368.0479164,A,cumulative_CO2_native,30
319,NONE,786.0227452,10.51335766,30,764.5516044,807.4938859,C,cumulative_CO2_native,193
519,LDPE,740.5939066,10.51335766,30,719.1227658,762.0650474,D,cumulative_CO2_native,193
120,PBS,859.164873,10.51335766,30,837.6937322,880.6360137,B,cumulative_CO2_native,193
419,PLA,794.8336944,10.51335766,30,773.3625536,816.3048351,C,cumulative_CO2_native,193
219,PLA/PHA,1157.396512,10.51335766,30,1135.925371,1178.867653,A,cumulative_CO2_native,193
520,NONE,8.05273712,0.226901913,30,7.589341592,8.516132647,C,daily_CO2_native,5
320,LDPE,8.271547536,0.226901913,30,7.808152008,8.734943064,C,daily_CO2_native,5
220,PBS,10.51122689,0.226901913,30,10.04783136,10.97462242,B,daily_CO2_native,5
420,PLA,8.39281518,0.226901913,30,7.929419652,8.856210707,C,daily_CO2_native,5
121,PLA/PHA,16.80530336,0.226901913,30,16.34190784,17.26869889,A,daily_CO2_native,5
321,NONE,6.426085949,0.096496844,30,6.229013103,6.623158796,C,daily_CO2_native,15
521,LDPE,5.984389955,0.096496844,30,5.787317109,6.181462802,D,daily_CO2_native,15
122,PBS,7.291501977,0.096496844,30,7.094429131,7.488574823,B,daily_CO2_native,15
421,PLA,6.610444197,0.096496844,30,6.41337135,6.807517043,C,daily_CO2_native,15
221,PLA/PHA,9.894886191,0.096496844,30,9.697813345,10.09195904,A,daily_CO2_native,15
322,NONE,5.430731892,0.068640083,30,5.290550142,5.570913643,C,daily_CO2_native,30
522,LDPE,5.361011903,0.068640083,30,5.220830153,5.501193654,C,daily_CO2_native,30
123,PBS,6.177813281,0.068640083,30,6.037631531,6.317995032,B,daily_CO2_native,30
422,PLA,5.576610719,0.068640083,30,5.436428968,5.716792469,C,daily_CO2_native,30
222,PLA/PHA,8.239602726,0.068640083,30,8.099420975,8.379784476,A,daily_CO2_native,30
124,NONE,2.719009687,0.102016426,30,2.510664351,2.927355024,B,daily_CO2_native,193
523,LDPE,2.341716399,0.102016426,30,2.133371062,2.550061735,B,daily_CO2_native,193
423,PBS,2.655724894,0.102016426,30,2.447379558,2.86407023,B,daily_CO2_native,193
323,PLA,2.729261319,0.102016426,30,2.520915983,2.937606656,B,daily_CO2_native,193
223,PLA/PHA,3.609790074,0.102016426,30,3.401444737,3.81813541,A,daily_CO2_native,193
424,LDPE,1.327847031,0.192346885,19,0.925260373,1.730433689,C,cumulative_priming,5
324,PBS,2.586200504,0.117787931,19,2.339667532,2.832733477,B,cumulative_priming,5
224,PLA,1.390077733,0.127225506,19,1.123791689,1.656363778,C,cumulative_priming,5
125,PLA/PHA,3.97967551,0.117787931,19,3.733142538,4.226208483,A,cumulative_priming,5
425,LDPE,-0.633681928,2.449655095,24,-5.689521556,4.422157699,C,cumulative_priming,15
325,PBS,30.20230718,2.449655095,24,25.14646755,35.25814681,B,cumulative_priming,15
225,PLA,4.655833215,2.449655095,24,-0.400006413,9.711672843,C,cumulative_priming,15
126,PLA/PHA,112.1051459,2.449655095,24,107.0493063,117.1609856,A,cumulative_priming,15
426,LDPE,-2.930915533,3.365138264,24,-9.876219556,4.01438849,C,cumulative_priming,30
326,PBS,39.52319303,3.365138264,24,32.57788901,46.46849706,B,cumulative_priming,30
226,PLA,7.193650636,3.365138264,24,0.248346613,14.13895466,C,cumulative_priming,30
127,PLA/PHA,159.2224107,3.365138264,24,152.2771066,166.1677147,A,cumulative_priming,30
427,LDPE,-45.42883856,10.09585503,24,-66.26565922,-24.59201789,D,cumulative_priming,193
327,PBS,73.14212779,10.09585503,24,52.30530712,93.97894846,B,cumulative_priming,193
227,PLA,8.810949191,10.09585503,24,-12.02587148,29.64776986,C,cumulative_priming,193
128,PLA/PHA,371.3737667,10.09585503,24,350.5369461,392.2105874,A,cumulative_priming,193
428,LDPE,0.218810416,0.250560552,24,-0.298321146,0.735941979,C,priming,5
328,PBS,2.458489768,0.250560552,24,1.941358206,2.975621331,B,priming,5
228,PLA,0.34007806,0.250560552,24,-0.177053503,0.857209623,C,priming,5
129,PLA/PHA,8.752566243,0.250560552,24,8.235434681,9.269697806,A,priming,5
429,LDPE,-0.441695994,0.104429012,24,-0.657226883,-0.226165105,D,priming,15
329,PBS,0.865416028,0.104429012,24,0.649885139,1.080946916,B,priming,15
229,PLA,0.184358247,0.104429012,24,-0.031172641,0.399889136,C,priming,15
130,PLA/PHA,3.468800241,0.104429012,24,3.253269353,3.68433113,A,priming,15
430,LDPE,-0.069719989,0.060836953,24,-0.195281288,0.055841311,C,priming,30
330,PBS,0.747081389,0.060836953,24,0.62152009,0.872642688,B,priming,30
230,PLA,0.145878826,0.060836953,24,0.020317527,0.271440126,C,priming,30
131,PLA/PHA,2.808870833,0.060836953,24,2.683309534,2.934432133,A,priming,30
431,LDPE,-0.377293289,0.099897932,24,-0.583472487,-0.171114091,B,priming,193
331,PBS,-0.063284793,0.099897932,24,-0.269463991,0.142894404,B,priming,193
231,PLA,0.010251632,0.099897932,24,-0.195927566,0.216430829,B,priming,193
132,PLA/PHA,0.890780386,0.099897932,24,0.684601189,1.096959584,A,priming,193
232,LDPE,0.672141766,0.087358587,19,0.489298142,0.854985391,C,cumulative_priming_relative,5
133,PBS,1.23304122,0.053495991,19,1.121072825,1.345009616,B,cumulative_priming_relative,5
432,PLA,0.665739932,0.057782274,19,0.544800242,0.786679621,C,cumulative_priming_relative,5
332,PLA/PHA,1.913883384,0.053495991,19,1.801914988,2.025851779,A,cumulative_priming_relative,5
433,LDPE,-0.084640702,0.322800326,24,-0.750867829,0.581586426,C,cumulative_priming_relative,15
333,PBS,3.736276357,0.322800326,24,3.070049229,4.402503484,B,cumulative_priming_relative,15
233,PLA,0.607978904,0.322800326,24,-0.058248224,1.274206031,C,cumulative_priming_relative,15
134,PLA/PHA,14.09975006,0.322800326,24,13.43352293,14.76597719,A,cumulative_priming_relative,15
434,LDPE,-0.443962241,0.485775289,24,-1.446553162,0.55862868,C,cumulative_priming_relative,30
334,PBS,5.285262413,0.485775289,24,4.282671492,6.287853334,B,cumulative_priming_relative,30
234,PLA,1.058526232,0.485775289,24,0.055935311,2.061117153,C,cumulative_priming_relative,30
135,PLA/PHA,22.0583528,0.485775289,24,21.05576188,23.06094373,A,cumulative_priming_relative,30
435,LDPE,-12.40170939,2.871022164,24,-18.3272079,-6.476210873,C,cumulative_priming_relative,193
335,PBS,13.95240293,2.871022164,24,8.026904416,19.87790145,B,cumulative_priming_relative,193
235,PLA,2.776628977,2.871022164,24,-3.148869538,8.702127492,B,cumulative_priming_relative,193
136,PLA/PHA,81.02159883,2.871022164,24,75.09610031,86.94709734,A,cumulative_priming_relative,193
436,LDPE,0.027726173,0.031123491,24,-0.036509555,0.091961901,C,priming_relative,5
336,PBS,0.305049705,0.031123491,24,0.240813977,0.369285433,B,priming_relative,5
236,PLA,0.043242136,0.031123491,24,-0.020993593,0.107477864,C,priming_relative,5
137,PLA/PHA,1.094151781,0.031123491,24,1.029916052,1.158387509,A,priming_relative,5
437,LDPE,-0.068377242,0.016691773,24,-0.102827367,-0.033927117,D,priming_relative,15
337,PBS,0.130259895,0.016691773,24,0.095809769,0.16471002,B,priming_relative,15
237,PLA,0.03423987,0.016691773,24,-0.000210255,0.068689996,C,priming_relative,15
138,PLA/PHA,0.533953413,0.016691773,24,0.499503288,0.568403539,A,priming_relative,15
438,LDPE,-0.007180065,0.011678013,24,-0.0312823,0.016922169,C,priming_relative,30
338,PBS,0.136372857,0.011678013,24,0.112270623,0.160475092,B,priming_relative,30
238,PLA,0.036844598,0.011678013,24,0.012742363,0.060946832,C,priming_relative,30
139,PLA/PHA,0.535577538,0.011678013,24,0.511475303,0.559679772,A,priming_relative,30
439,LDPE,-0.136518794,0.037067499,24,-0.213022351,-0.060015236,C,priming_relative,193
339,PBS,-0.021334134,0.037067499,24,-0.097837691,0.055169423,BC,priming_relative,193
239,PLA,0.009703401,0.037067499,24,-0.066800156,0.086206958,B,priming_relative,193
140,PLA/PHA,0.330587809,0.037067499,24,0.254084252,0.407091366,A,priming_relative,193
440,LDPE,0.002690192,7.77E-05,24,0.002532149,0.002853018,D,cumulative_CO2_std,5
340,PBS,0.007714781,0.000131637,24,0.007445487,0.007988859,B,cumulative_CO2_std,5
240,PLA,0.004764538,0.000103449,24,0.004553421,0.004980439,C,cumulative_CO2_std,5
141,PLA/PHA,0.028291307,0.000252083,24,0.027773425,0.028813973,A,cumulative_CO2_std,5
441,LDPE,0.006779964,0.000243288,24,0.006277842,0.007282087,D,cumulative_CO2_std,15
341,PBS,0.016001725,0.000243288,24,0.015499603,0.016503847,B,cumulative_CO2_std,15
241,PLA,0.011843377,0.000243288,24,0.011341255,0.012345499,C,cumulative_CO2_std,15
142,PLA/PHA,0.061685467,0.000243288,24,0.061183344,0.062187589,A,cumulative_CO2_std,15
442,LDPE,0.011863476,0.00020014,24,0.011454002,0.012280141,D,cumulative_CO2_std,30
342,PBS,0.025616534,0.000294096,24,0.025013146,0.026227114,B,cumulative_CO2_std,30
242,PLA,0.02096853,0.00026608,24,0.020422963,0.021521289,C,cumulative_CO2_std,30
143,PLA/PHA,0.099024351,0.000578229,24,0.097834541,0.100221353,A,cumulative_CO2_std,30
443,LDPE,0.045247731,0.000882939,24,0.043425435,0.047070027,D,cumulative_CO2_std,193
343,PBS,0.083721995,0.000882939,24,0.081899699,0.085544291,B,cumulative_CO2_std,193
243,PLA,0.08009997,0.000882939,24,0.078277674,0.081922266,C,cumulative_CO2_std,193
144,PLA/PHA,0.301388003,0.000882939,24,0.299565707,0.303210299,A,cumulative_CO2_std,193
244,LDPE,4.41E-05,1.26E-05,24,2.19E-05,7.38E-05,C,cumulative_CO2_plastic_std,5
145,PBS,0.002138368,8.76E-05,24,0.001961411,0.002322966,B,cumulative_CO2_plastic_std,5
444,PLA,7.10E-06,5.05E-06,24,5.05E-07,2.13E-05,D,cumulative_CO2_plastic_std,5
344,PLA/PHA,0.016824604,0.00024569,24,0.016321346,0.017335503,A,cumulative_CO2_plastic_std,5
245,LDPE,0.000208234,2.86E-05,24,0.000153353,0.000271494,C,cumulative_CO2_plastic_std,15
146,PBS,0.003146463,0.000111254,24,0.002921036,0.003380269,B,cumulative_CO2_plastic_std,15
445,PLA,2.26E-05,9.43E-06,24,7.34E-06,4.63E-05,D,cumulative_CO2_plastic_std,15
345,PLA/PHA,0.037195534,0.000382515,24,0.03641025,0.037989195,A,cumulative_CO2_plastic_std,15
246,LDPE,0.000286035,4.09E-05,24,0.000207789,0.000376759,C,cumulative_CO2_plastic_std,30
147,PBS,0.004033944,0.000153726,24,0.003722908,0.004357457,B,cumulative_CO2_plastic_std,30
446,PLA,6.77E-05,1.99E-05,24,3.29E-05,0.000115076,D,cumulative_CO2_plastic_std,30
346,PLA/PHA,0.060376151,0.000594723,24,0.059154941,0.061609838,A,cumulative_CO2_plastic_std,30
247,LDPE,0.002174331,0.000203029,24,0.001775488,0.002613551,C,cumulative_CO2_plastic_std,193
148,PBS,0.006909325,0.00036192,24,0.006182546,0.00767648,B,cumulative_CO2_plastic_std,193
447,PLA,0.00061826,0.000108263,24,0.000415005,0.000861893,D,cumulative_CO2_plastic_std,193
347,PLA/PHA,0.178716845,0.001840679,24,0.17493806,0.182536008,A,cumulative_CO2_plastic_std,193
448,LDPE,0.002632096,7.87E-05,24,0.002472266,0.002796932,D,cumulative_CO2_native_std,5
348,PBS,0.0055731,0.00011445,24,0.005339389,0.005811816,B,cumulative_CO2_native_std,5
248,PLA,0.004754013,0.000105706,24,0.00453835,0.004974681,C,cumulative_CO2_native_std,5
149,PLA/PHA,0.011439354,0.000163972,24,0.011103436,0.011780277,A,cumulative_CO2_native_std,5
449,LDPE,0.006556658,0.000223468,24,0.006095442,0.007017874,D,cumulative_CO2_native_std,15
349,PBS,0.012853709,0.000223468,24,0.012392493,0.013314925,B,cumulative_CO2_native_std,15
249,PLA,0.011814208,0.000223468,24,0.011352992,0.012275425,C,cumulative_CO2_native_std,15
150,PLA/PHA,0.023911365,0.000223468,24,0.023450149,0.024372581,A,cumulative_CO2_native_std,15
450,LDPE,0.011574617,0.000307674,24,0.010939609,0.012209625,C,cumulative_CO2_native_std,30
350,PBS,0.021619904,0.000307674,24,0.020984896,0.022254912,B,cumulative_CO2_native_std,30
250,PLA,0.020934508,0.000307674,24,0.0202995,0.021569516,B,cumulative_CO2_native_std,30
151,PLA/PHA,0.038305339,0.000307674,24,0.037670331,0.038940347,A,cumulative_CO2_native_std,30
451,LDPE,0.042989302,0.000882406,24,0.041168105,0.0448105,C,cumulative_CO2_native_std,193
351,PBS,0.076802581,0.000882406,24,0.074981384,0.078623778,B,cumulative_CO2_native_std,193
251,PLA,0.079415072,0.000882406,24,0.077593875,0.08123627,B,cumulative_CO2_native_std,193
152,PLA/PHA,0.122622016,0.000882406,24,0.120800819,0.124443213,A,cumulative_CO2_native_std,193
252,NONE,1.11,0.047717681,30,1.012547494,1.207452506,D,SOC,5
153,LDPE,2.62725,0.047717681,30,2.529797494,2.724702506,A,SOC,5
524,PBS,2.32225,0.047717681,30,2.224797494,2.419702506,B,SOC,5
452,PLA,2.10575,0.047717681,30,2.008297494,2.203202506,C,SOC,5
352,PLA/PHA,1.97275,0.047717681,30,1.875297494,2.070202506,C,SOC,5
253,NONE,1.13125,0.028481408,30,1.073083204,1.189416796,D,SOC,15
154,LDPE,2.748125,0.028481408,30,2.689958204,2.806291796,A,SOC,15
525,PBS,2.180375,0.028481408,30,2.122208204,2.238541796,B,SOC,15
453,PLA,2.12275,0.028481408,30,2.064583204,2.180916796,B,SOC,15
353,PLA/PHA,1.883625,0.028481408,30,1.825458204,1.941791796,C,SOC,15
254,NONE,1.110125,0.018614986,30,1.072108127,1.148141873,D,SOC,30
155,LDPE,2.477625,0.018614986,30,2.439608127,2.515641873,A,SOC,30
526,PBS,2.0015,0.018614986,30,1.963483127,2.039516873,B,SOC,30
454,PLA,1.83125,0.018614986,30,1.793233127,1.869266873,C,SOC,30
354,PLA/PHA,1.805875,0.018614986,30,1.767858127,1.843891873,C,SOC,30
255,NONE,1.036875,0.022759339,30,0.990394229,1.083355771,D,SOC,193
156,LDPE,2.65425,0.022759339,30,2.607769229,2.700730771,A,SOC,193
355,PBS,2.035125,0.022759339,30,1.988644229,2.081605771,B,SOC,193
527,PLA,2.039,0.022759339,30,1.992519229,2.085480771,B,SOC,193
455,PLA/PHA,1.59225,0.022759339,30,1.545769229,1.638730771,C,SOC,193
456,NONE,0.110064325,0.002129525,30,0.105758218,0.114456357,AB,TN,5
528,LDPE,0.10239082,0.00205395,30,0.098239056,0.106628508,B,TN,5
356,PBS,0.113801398,0.002165375,30,0.109422074,0.118266647,A,TN,5
157,PLA,0.113947533,0.002166765,30,0.10956537,0.11841562,A,TN,5
256,PLA/PHA,0.114450038,0.002171538,30,0.110058129,0.118927872,A,TN,5
529,NONE,0.113702202,0.002211862,30,0.109229844,0.118264292,A,TN,15
457,LDPE,0.111322964,0.002188597,30,0.106898117,0.115837542,A,TN,15
357,PBS,0.114697344,0.00222152,30,0.110205261,0.119279158,A,TN,15
257,PLA,0.115939323,0.002233515,30,0.111422742,0.120545635,A,TN,15
158,PLA/PHA,0.114719421,0.002221734,30,0.110226901,0.119301672,A,TN,15
358,NONE,0.116453163,0.00154376,30,0.113321723,0.119627281,AB,TN,30
458,LDPE,0.110821801,0.001505972,30,0.107767536,0.113918745,B,TN,30
159,PBS,0.118145962,0.00155494,30,0.11499169,0.121342912,A,TN,30
258,PLA,0.120214751,0.001568495,30,0.117032796,0.123439384,A,TN,30
530,PLA/PHA,0.117308032,0.001549416,30,0.114165041,0.120493701,A,TN,30
459,NONE,0.088875,0.00083666,30,0.087166312,0.090583688,B,TN,193
359,LDPE,0.094125,0.00083666,30,0.092416312,0.095833688,A,TN,193
259,PBS,0.0805,0.00083666,30,0.078791312,0.082208688,D,TN,193
160,PLA,0.085,0.00083666,30,0.083291312,0.086708688,C,TN,193
531,PLA/PHA,0.0855,0.00083666,30,0.083791312,0.087208688,BC,TN,193
260,NONE,94.76108687,7.586722649,30,79.26693217,110.2552416,BC,MBC,5
161,LDPE,117.4632453,7.586722649,30,101.9690906,132.9574,B,MBC,5
360,PBS,101.0872803,7.586722649,30,85.59312561,116.581435,BC,MBC,5
532,PLA,81.66317384,7.586722649,30,66.16901914,97.15732854,C,MBC,5
460,PLA/PHA,256.5405085,7.586722649,30,241.0463538,272.0346632,A,MBC,5
361,NONE,63.60496319,4.687946412,30,54.39118059,73.53930826,B,MBC,15
261,LDPE,64.02044277,4.703232762,30,54.77544127,73.98600673,B,MBC,15
162,PBS,75.73756967,5.115555706,30,65.65049239,86.54520942,B,MBC,15
533,PLA,62.98638188,4.665094727,30,53.81926864,72.87405758,B,MBC,15
461,PLA/PHA,286.5543911,9.950402984,30,266.5932384,307.2361063,A,MBC,15
163,NONE,112.1697825,5.690187474,30,100.8498542,124.0916805,C,MBC,30
362,LDPE,144.4942565,6.458236262,30,131.6057633,157.9847194,B,MBC,30
262,PBS,95.72050841,5.25643302,30,85.28642489,106.7565616,C,MBC,30
534,PLA,93.28110266,5.189021523,30,82.98469179,104.1794832,C,MBC,30
462,PLA/PHA,284.6576651,9.064629918,30,266.446206,303.471094,A,MBC,30
363,NONE,314.3675967,7.273052879,30,299.5140411,329.2211522,AB,MBC,193
463,LDPE,333.9988333,7.273052879,30,319.1452778,348.8523889,A,MBC,193
164,PBS,333.3739433,7.273052879,30,318.5203878,348.2274989,A,MBC,193
263,PLA,288.8155733,7.273052879,30,273.9620178,303.6691289,B,MBC,193
535,PLA/PHA,317.8433333,7.273052879,30,302.9897778,332.6968889,AB,MBC,193
364,NONE,61.89264575,1.091159287,30,59.68425998,64.1411491,C,DOC,5
264,LDPE,62.7141403,1.098376838,30,60.49101433,64.97738385,BC,DOC,5
165,PBS,67.24898761,1.137395497,30,64.9461749,69.59191789,AB,DOC,5
536,PLA,57.46803794,1.05143351,30,55.34078303,59.63541043,D,DOC,5
464,PLA/PHA,71.25208459,1.170758762,30,68.881135,73.66315175,A,DOC,5
166,NONE,57.0356678,1.679549484,30,53.65714125,60.51733656,AB,DOC,15
365,LDPE,52.52851899,1.611822139,30,49.28831014,55.87187005,B,DOC,15
265,PBS,59.78172514,1.719506256,30,56.32159598,63.34499651,A,DOC,15
537,PLA,54.03329707,1.63474596,30,50.74627153,57.42346482,AB,DOC,15
465,PLA/PHA,57.7469469,1.68998968,30,54.34709864,61.24993738,AB,DOC,15
466,NONE,73.36876172,1.282216603,30,70.75012607,75.98739737,BC,DOC,30
538,LDPE,70.41375785,1.282216603,30,67.7951222,73.0323935,C,DOC,30
366,PBS,74.93489223,1.282216603,30,72.31625658,77.55352788,BC,DOC,30
167,PLA,78.17825785,1.282216603,30,75.5596222,80.7968935,AB,DOC,30
266,PLA/PHA,82.81607477,1.282216603,30,80.19743912,85.43471042,A,DOC,30
267,NONE,48.99062571,0.844489135,30,47.28112779,50.73048159,A,DOC,193
168,LDPE,46.35264684,0.8214381,30,44.69022542,48.04542623,AB,DOC,193
539,PBS,49.61392374,0.84984429,30,47.89348913,51.3647163,A,DOC,193
467,PLA,48.33650214,0.838832374,30,46.63855687,50.06480537,AB,DOC,193
367,PLA/PHA,45.53542661,0.814164718,30,43.88785941,47.21335176,B,DOC,193
368,NONE,142.2880405,11.58840778,30,118.6213545,165.9547265,A,cacq,5
268,LDPE,142.3415814,11.58840778,30,118.6748954,166.0082674,A,cacq,5
169,PBS,144.9451729,11.58840778,30,121.2784869,168.6118589,A,cacq,5
540,PLA,151.6148758,11.58840778,30,127.9481898,175.2815618,A,cacq,5
468,PLA/PHA,104.4260342,11.58840778,30,80.75934817,128.0927202,A,cacq,5
541,NONE,131.6798407,6.054356303,30,119.3151956,144.0444858,A,cacq,15
469,LDPE,136.1838915,6.054356303,30,123.8192464,148.5485366,A,cacq,15
369,PBS,138.9061809,6.054356303,30,126.5415358,151.2708261,A,cacq,15
269,PLA,139.6878466,6.054356303,30,127.3232015,152.0524917,A,cacq,15
170,PLA/PHA,151.7727321,6.054356303,30,139.408087,164.1373773,A,cacq,15
270,NONE,131.1716832,5.903752081,30,119.3916791,143.5058196,B,cacq,30
171,LDPE,124.418735,5.74977641,30,112.9531912,136.4384112,B,cacq,30
542,PBS,123.3185274,5.724297954,30,111.9050176,135.2861697,B,cacq,30
470,PLA,124.9540353,5.762132079,30,113.4632578,136.9989451,B,cacq,30
370,PLA/PHA,166.990821,6.661229028,30,153.6638426,180.8719318,A,cacq,30
543,NONE,118.2191537,2.668912374,30,112.7685075,123.6698,A,cacq,193
271,LDPE,113.720403,2.668912374,30,108.2697568,119.1710492,A,cacq,193
471,PBS,113.1225156,2.668912374,30,107.6718694,118.5731618,A,cacq,193
371,PLA,114.6904766,2.668912374,30,109.2398304,120.1411229,A,cacq,193
172,PLA/PHA,111.7833613,2.668912374,30,106.3327151,117.2340075,A,cacq,193
544,NONE,32.04244674,2.216994071,30,27.67468584,36.7300977,B,LAP,5
272,LDPE,33.82710212,2.277897057,30,29.33496074,38.63913357,B,LAP,5
472,PBS,32.82372937,2.243859489,30,28.40110198,37.56624684,B,LAP,5
372,PLA,33.92144625,2.281071384,30,29.42282203,38.73996054,B,LAP,5
173,PLA/PHA,126.3721127,4.402783388,30,117.5403745,135.523741,A,LAP,5
545,NONE,32.69837367,1.598301307,30,29.51566959,36.04400306,B,LAP,15
473,LDPE,33.34913128,1.614127516,30,30.13410576,36.7270821,B,LAP,15
373,PBS,34.29693917,1.636904188,30,31.03539748,37.72140615,B,LAP,15
273,PLA,35.41345613,1.663335033,30,32.09793545,38.8919021,B,LAP,15
174,PLA/PHA,173.0663175,3.677069637,30,165.6382021,180.6573582,A,LAP,15
274,NONE,34.31665264,1.664752753,30,31.00098361,37.800741,B,LAP,30
175,LDPE,32.16690481,1.611765737,30,28.9594497,35.54277925,B,LAP,30
546,PBS,32.12727063,1.61077247,30,28.92184404,35.50111654,B,LAP,30
474,PLA,33.99630076,1.656964156,30,30.69653816,37.46448268,B,LAP,30
374,PLA/PHA,211.0804311,4.128775497,30,202.7325563,219.5967252,A,LAP,30
547,NONE,24.29578429,1.758060797,30,20.70534515,27.88622343,B,LAP,193
375,LDPE,25.56090878,1.758060797,30,21.97046964,29.15134792,B,LAP,193
275,PBS,25.90731914,1.758060797,30,22.31688,29.49775828,B,LAP,193
475,PLA,25.63726223,1.758060797,30,22.04682308,29.22770137,B,LAP,193
176,PLA/PHA,201.4416502,1.758060797,30,197.851211,205.0320893,A,LAP,193
548,NONE,9.345655737,0.38069296,30,8.56817699,10.12313448,A,Ammonium,5
276,LDPE,8.623243028,0.38069296,30,7.845764281,9.400721776,AB,Ammonium,5
476,PBS,7.444060642,0.38069296,30,6.666581895,8.221539389,B,Ammonium,5
376,PLA,8.899242531,0.38069296,30,8.121763784,9.676721278,AB,Ammonium,5
177,PLA/PHA,1.635583807,0.38069296,30,0.85810506,2.413062554,C,Ammonium,5
178,NONE,1.462674052,0.139070092,30,1.178655034,1.746693071,A,Ammonium,15
377,LDPE,1.569732264,0.139070092,30,1.285713245,1.853751283,A,Ammonium,15
277,PBS,0.784301671,0.139070092,30,0.500282653,1.06832069,B,Ammonium,15
549,PLA,1.579715676,0.139070092,30,1.295696657,1.863734694,A,Ammonium,15
477,PLA/PHA,0.272792396,0.139070092,30,-0.011226623,0.556811414,B,Ammonium,15
378,NONE,0.784591256,0.164143473,30,0.449365563,1.119816949,A,Ammonium,30
550,LDPE,0.582891318,0.164143473,30,0.247665624,0.918117011,A,Ammonium,30
179,PBS,0.626399174,0.164143473,30,0.291173481,0.961624868,A,Ammonium,30
478,PLA,0.762490868,0.164143473,30,0.427265175,1.097716561,A,Ammonium,30
278,PLA/PHA,0.795740741,0.164143473,30,0.460515048,1.130966434,A,Ammonium,30
479,NONE,0.791193209,0.092664144,30,0.60194778,0.980438638,AB,Ammonium,193
551,LDPE,0.745266129,0.092664144,30,0.5560207,0.934511558,B,Ammonium,193
379,PBS,0.830414672,0.092664144,30,0.641169243,1.019660102,AB,Ammonium,193
180,PLA,0.902701022,0.092664144,30,0.713455593,1.091946452,AB,Ammonium,193
279,PLA/PHA,1.154146387,0.092664144,30,0.964900958,1.343391817,A,Ammonium,193
380,NONE,32.27632295,1.404342851,30,29.47198545,35.2080869,A,Nitrate,5
280,LDPE,31.82565572,1.394504121,30,29.04141159,34.7373263,A,Nitrate,5
181,PBS,25.01715139,1.236374531,30,22.55585097,27.60587827,B,Nitrate,5
552,PLA,32.36345478,1.406237127,30,29.55524865,35.29908735,A,Nitrate,5
480,PLA/PHA,10.90022951,0.816110458,30,9.297222827,12.63066264,C,Nitrate,5
553,NONE,53.91046161,1.042405738,30,51.78158508,56.03933813,A,Nitrate,15
281,LDPE,49.68061961,1.042405738,30,47.55174308,51.80949613,AB,Nitrate,15
481,PBS,45.47613503,1.042405738,30,43.3472585,47.60501156,B,Nitrate,15
381,PLA,50.54105737,1.042405738,30,48.41218084,52.6699339,A,Nitrate,15
182,PLA/PHA,16.5168805,1.042405738,30,14.38800397,18.64575703,C,Nitrate,15
382,NONE,56.54076737,1.342338815,30,53.83257575,59.31541893,A,Nitrate,30
282,LDPE,53.68710572,1.308025755,30,51.04899072,56.39168066,A,Nitrate,30
183,PBS,46.68658758,1.219768364,30,44.22871822,49.21091689,B,Nitrate,30
554,PLA,56.92842738,1.346932688,30,54.21085382,59.71246088,A,Nitrate,30
482,PLA/PHA,10.40148115,0.5757433,30,9.258886439,11.6105358,C,Nitrate,30
283,NONE,124.6463582,5.329206992,30,114.0002472,135.7676325,A,Nitrate,193
184,LDPE,131.3952869,5.471579148,30,120.4584132,142.807324,A,Nitrate,193
483,PBS,125.9315,5.356609414,30,115.2294258,137.1087376,A,Nitrate,193
383,PLA,125.4726146,5.346840956,30,114.7904903,136.6299023,A,Nitrate,193
555,PLA/PHA,125.8978017,5.355892671,30,115.1971913,137.0735754,A,Nitrate,193
384,NONE,5.808520813,0.009803444,30,5.788516763,5.828559368,C,pH,5
556,LDPE,5.801591871,0.009797595,30,5.781599766,5.821618481,C,pH,5
185,PBS,5.899163565,0.009879639,30,5.879003902,5.919357733,B,pH,5
484,PLA,5.809959346,0.009804657,30,5.789952817,5.83000038,C,pH,5
284,PLA/PHA,6.551066672,0.010411226,30,6.529821364,6.572346486,A,pH,5
285,NONE,5.879352835,0.02793856,30,5.822433117,5.936549422,B,pH,15
186,LDPE,5.832593564,0.027827239,30,5.775901195,5.889562803,B,pH,15
557,PBS,5.823286005,0.027805027,30,5.766638999,5.880209881,B,pH,15
485,PLA,5.865291657,0.027905131,30,5.808440211,5.922419973,B,pH,15
385,PLA/PHA,6.75566022,0.029948368,30,6.694635928,6.816961382,A,pH,15
187,NONE,5.853643028,0.016285167,30,5.820431523,5.886949017,C,pH,30
558,LDPE,5.815515007,0.016232043,30,5.782411994,5.848712502,C,pH,30
486,PBS,5.826746311,0.016247709,30,5.793611303,5.859975802,C,pH,30
386,PLA,5.959445176,0.016431681,30,5.925934448,5.993050388,B,pH,30
286,PLA/PHA,6.879876426,0.017655069,30,6.843867208,6.915980128,A,pH,30
387,NONE,5.5825,0.009937303,30,5.562205319,5.602794681,B,pH,193
287,LDPE,5.54,0.009937303,30,5.519705319,5.560294681,C,pH,193
188,PBS,5.52625,0.009937303,30,5.505955319,5.546544681,C,pH,193
559,PLA,5.51125,0.009937303,30,5.490955319,5.531544681,C,pH,193
487,PLA/PHA,6.395,0.009937303,30,6.374705319,6.415294681,A,pH,193
388,LDPE,1.525041504,0.046319653,24,1.429442439,1.620640568,B,SOC_std,5
488,PBS,2.07590882,0.046319653,24,1.980309755,2.171507885,A,SOC_std,5
189,PLA,2.103940611,0.046319653,24,2.008341546,2.199539676,A,SOC_std,5
288,PLA/PHA,2.090057988,0.046319653,24,1.994458923,2.185657053,A,SOC_std,5
389,LDPE,1.595205893,0.027313477,24,1.538833648,1.651578138,C,SOC_std,15
489,PBS,1.949083731,0.027313477,24,1.892711485,2.005455976,B,SOC_std,15
190,PLA,2.120926004,0.027313477,24,2.064553758,2.177298249,A,SOC_std,15
289,PLA/PHA,1.995633242,0.027313477,24,1.939260997,2.052005487,B,SOC_std,15
490,LDPE,1.438188583,0.016721596,24,1.403676905,1.472700261,C,SOC_std,30
390,PBS,1.789183552,0.016721596,24,1.754671874,1.82369523,B,SOC_std,30
290,PLA,1.829676478,0.016721596,24,1.7951648,1.864188156,B,SOC_std,30
191,PLA/PHA,1.913259901,0.016721596,24,1.878748223,1.947771579,A,SOC_std,30
391,LDPE,1.540714211,0.021755767,24,1.495812516,1.585615907,D,SOC_std,193
491,PBS,1.819241657,0.021755767,24,1.774339961,1.864143352,B,SOC_std,193
192,PLA,2.037247967,0.021755767,24,1.992346271,2.082149662,A,SOC_std,193
291,PLA/PHA,1.686931862,0.021755767,24,1.642030167,1.731833558,C,SOC_std,193