"","Plastic","Nitrogen","response","SE","df","lower.CL","upper.CL",".group","resp","timepoint"
"1",NA,NA,NA,NA,NA,NA,NA,NA,NA,NA
"5","NONE","N0",45.3501613989056,1.42717558437472,30,42.4823120818097,48.3116748543579,"D","cumulative_CO2","5"
"10","NONE","N1",44.3144460316678,1.4107844077931,30,41.4800719630308,47.2424842386611,"D","cumulative_CO2","5"
"8","LDPE","N0",46.6140894818877,1.4469269027981,30,43.7059025912,49.6159405109316,"D","cumulative_CO2","5"
"3","LDPE","N1",46.0767025719716,1.43856233313563,30,43.1855984115144,49.0614708707851,"D","cumulative_CO2","5"
"7","PBS","N0",87.473145575793,1.98209908453323,30,83.471991278969,91.5679640109732,"C","cumulative_CO2","5"
"2","PBS","N1",85.1401097024291,1.95548771326406,30,81.1933030761725,89.1805804670419,"C","cumulative_CO2","5"
"9","PLA","N0",46.702554532187,1.44829925382843,30,43.7915649267897,49.7072082759406,"D","cumulative_CO2","5"
"4","PLA","N1",48.6804100629114,1.47864903015476,30,45.7074379452679,51.7470463189111,"D","cumulative_CO2","5"
"11","PLA/PHA","N0",239.874023825681,3.2823100235462,30,233.217484540729,246.624227248989,"B","cumulative_CO2","5"
"6","PLA/PHA","N1",295.650463313348,3.64399079112743,30,288.255273358791,303.139317406261,"A","cumulative_CO2","5"
"81","NONE","N0",119.258357625999,3.34502790299114,30,112.426899274162,126.089815977837,"D","cumulative_CO2","15"
"101","NONE","N1",107.917348598715,3.34502790299114,30,101.085890246877,114.748806950553,"D","cumulative_CO2","15"
"41","LDPE","N0",121.432469147318,3.34502790299114,30,114.60101079548,128.263927499156,"D","cumulative_CO2","15"
"51","LDPE","N1",112.169850634817,3.34502790299114,30,105.338392282979,119.001308986655,"D","cumulative_CO2","15"
"91","PBS","N0",184.221913352092,3.34502790299114,30,177.390455000255,191.05337170393,"C","cumulative_CO2","15"
"12","PBS","N1",173.790015667063,3.34502790299114,30,166.958557315225,180.621474018901,"C","cumulative_CO2","15"
"21","PLA","N0",120.279452527575,3.34502790299114,30,113.447994175737,127.110910879413,"D","cumulative_CO2","15"
"31","PLA","N1",116.791794613463,3.34502790299114,30,109.960336261625,123.623252965301,"D","cumulative_CO2","15"
"71","PLA/PHA","N0",498.090924659082,3.34502790299114,30,491.259466307244,504.92238301092,"B","cumulative_CO2","15"
"61","PLA/PHA","N1",666.374413279424,3.34502790299114,30,659.542954927586,673.205871631262,"A","cumulative_CO2","15"
"82","NONE","N0",220.863156225957,4.75936440919622,30,211.143237383556,230.583075068359,"E","cumulative_CO2","30"
"102","NONE","N1",183.799781772995,4.75936440919622,30,174.079862930593,193.519700615397,"F","cumulative_CO2","30"
"42","LDPE","N0",222.229481948396,4.75936440919622,30,212.509563105994,231.949400790798,"E","cumulative_CO2","30"
"52","LDPE","N1",187.366154992999,4.75936440919622,30,177.646236150597,197.086073835401,"F","cumulative_CO2","30"
"92","PBS","N0",308.236845757765,4.75936440919622,30,298.516926915363,317.956764600167,"C","cumulative_CO2","30"
"13","PBS","N1",265.800634617562,4.75936440919622,30,256.08071577516,275.520553459964,"D","cumulative_CO2","30"
"22","PLA","N0",225.842110170773,4.75936440919622,30,216.122191328371,235.562029013175,"E","cumulative_CO2","30"
"32","PLA","N1",194.625935754808,4.75936440919622,30,184.906016912406,204.34585459721,"F","cumulative_CO2","30"
"72","PLA/PHA","N0",856.292504393755,4.75936440919622,30,846.572585551353,866.012423236157,"B","cumulative_CO2","30"
"62","PLA/PHA","N1",1016.55242179759,4.75936440919622,30,1006.83250295519,1026.27234063999,"A","cumulative_CO2","30"
"23","NONE","N0",878.153440827636,14.2793402417171,30,848.991137557823,907.315744097448,"DE","cumulative_CO2","193"
"103","NONE","N1",693.892049492641,14.2793402417171,30,664.729746222829,723.054352762454,"F","cumulative_CO2","193"
"14","LDPE","N0",875.363881482733,14.2793402417171,30,846.20157821292,904.526184752545,"DE","cumulative_CO2","193"
"53","LDPE","N1",683.637627903422,14.2793402417171,30,654.475324633609,712.799931173234,"F","cumulative_CO2","193"
"93","PBS","N0",1040.38278746819,14.2793402417171,30,1011.22048419838,1069.545090738,"C","cumulative_CO2","193"
"43","PBS","N1",832.757316872391,14.2793402417171,30,803.595013602578,861.919620142203,"E","cumulative_CO2","193"
"83","PLA","N0",906.430659899992,14.2793402417171,30,877.26835663018,935.592963169805,"D","cumulative_CO2","193"
"33","PLA","N1",696.946459188572,14.2793402417171,30,667.78415591876,726.108762458385,"F","cumulative_CO2","193"
"73","PLA/PHA","N0",2977.43441324419,14.2793402417171,30,2948.27210997437,3006.596716514,"A","cumulative_CO2","193"
"63","PLA/PHA","N1",2712.00757318381,14.2793402417171,30,2682.84526991399,2741.16987645362,"B","cumulative_CO2","193"
"34","NONE","N0",8.35594261605898,0.339821380654178,30,7.66193477028669,9.04995046183126,"D","daily_CO2","5"
"104","NONE","N1",7.74953162335389,0.339821380654177,30,7.05552377758161,8.44353946912618,"D","daily_CO2","5"
"44","LDPE","N0",8.65567199112892,0.339821380654177,30,7.96166414535664,9.34967983690121,"D","daily_CO2","5"
"54","LDPE","N1",8.29378767832852,0.339821380654177,30,7.59977983255623,8.9877955241008,"D","daily_CO2","5"
"15","PBS","N0",12.598060200714,0.339821380654178,30,11.9040523549417,13.2920680464863,"C","daily_CO2","5"
"94","PBS","N1",11.9250171427842,0.339821380654178,30,11.231009297012,12.6190249885565,"C","daily_CO2","5"
"24","PLA","N0",8.49958990794535,0.339821380654178,30,7.80558206217307,9.19359775371764,"D","daily_CO2","5"
"84","PLA","N1",8.36213572052236,0.339821380654178,30,7.66812787475008,9.05614356629465,"D","daily_CO2","5"
"74","PLA/PHA","N0",31.8338981905532,0.339821380654178,30,31.139890344781,32.5279060363255,"B","daily_CO2","5"
"64","PLA/PHA","N1",49.5325491431967,0.339821380654178,30,48.8385412974244,50.226556988969,"A","daily_CO2","5"
"85","NONE","N0",7.23729032512187,0.161059551705489,30,6.90836283884953,7.56621781139422,"D","daily_CO2","15"
"55","NONE","N1",5.61488157358177,0.161059551705489,30,5.28595408730942,5.94380905985411,"E","daily_CO2","15"
"45","LDPE","N0",7.21364527493305,0.161059551705489,30,6.88471778866071,7.5425727612054,"D","daily_CO2","15"
"105","LDPE","N1",5.51720062770869,0.161059551705489,30,5.18827314143634,5.84612811398103,"E","daily_CO2","15"
"95","PBS","N0",8.97679410097292,0.161059551705489,30,8.64786661470058,9.30572158724527,"C","daily_CO2","15"
"16","PBS","N1",7.12958832844802,0.161059551705489,30,6.80066084217567,7.45851581472036,"D","daily_CO2","15"
"25","PLA","N0",7.16685765981055,0.161059551705489,30,6.8379301735382,7.4957851460829,"D","daily_CO2","15"
"35","PLA","N1",6.06318878470359,0.161059551705489,30,5.73426129843124,6.39211627097593,"E","daily_CO2","15"
"65","PLA/PHA","N0",23.8899759181186,0.161059551705489,30,23.5610484318462,24.2189034043909,"B","daily_CO2","15"
"75","PLA/PHA","N1",28.5661761036061,0.161059551705489,30,28.2372486173338,28.8951035898784,"A","daily_CO2","15"
"86","NONE","N0",6.61750569295257,0.101965981690847,30,6.40926337706563,6.8257480088395,"D","daily_CO2","30"
"56","NONE","N1",4.24395809165286,0.101965981690847,30,4.03571577576592,4.45220040753979,"F","daily_CO2","30"
"46","LDPE","N0",6.57894898144212,0.101965981690847,30,6.37070666555518,6.78719129732905,"D","daily_CO2","30"
"106","LDPE","N1",4.47982528210155,0.101965981690847,30,4.27158296621461,4.68806759798848,"F","daily_CO2","30"
"96","PBS","N0",7.97987034203746,0.101965981690847,30,7.77162802615053,8.1881126579244,"C","daily_CO2","30"
"17","PBS","N1",5.31484584249088,0.101965981690848,30,5.10660352660395,5.52308815837782,"E","daily_CO2","30"
"26","PLA","N0",6.58362361106922,0.101965981690847,30,6.37538129518229,6.79186592695615,"D","daily_CO2","30"
"36","PLA","N1",4.60210640909321,0.101965981690848,30,4.39386409320627,4.81034872498014,"F","daily_CO2","30"
"66","PLA/PHA","N0",24.6966689947626,0.101965981690847,30,24.4884266788757,24.9049113106496,"A","daily_CO2","30"
"76","PLA/PHA","N1",20.9531431765534,0.101965981690848,30,20.7449008606664,21.1613854924403,"B","daily_CO2","30"
"47","NONE","N0",2.61074857675347,0.139871871932725,30,2.32509210529397,2.89640504821297,"CD","daily_CO2","193"
"87","NONE","N1",2.82727079814786,0.139871871932725,30,2.54161432668836,3.11292726960736,"CD","daily_CO2","193"
"37","LDPE","N0",2.62059411602257,0.139871871932725,30,2.33493764456307,2.90625058748207,"CD","daily_CO2","193"
"57","LDPE","N1",2.29689733050843,0.139871871932725,30,2.01124085904893,2.58255380196793,"D","daily_CO2","193"
"27","PBS","N0",2.89204474401489,0.139871871932725,30,2.60638827255539,3.17770121547438,"CD","daily_CO2","193"
"67","PBS","N1",2.79764253614579,0.139871871932725,30,2.51198606468629,3.08329900760528,"CD","daily_CO2","193"
"18","PLA","N0",3.09271290076702,0.139871871932725,30,2.80705642930752,3.37836937222652,"C","daily_CO2","193"
"107","PLA","N1",2.44239262002051,0.139871871932725,30,2.15673614856101,2.72804909148001,"CD","daily_CO2","193"
"77","PLA/PHA","N0",7.1191431282574,0.139871871932725,30,6.8334866567979,7.4047995997169,"A","daily_CO2","193"
"97","PLA/PHA","N1",6.36461203157746,0.139871871932725,30,6.07895556011796,6.65026850303696,"B","daily_CO2","193"
"108","NONE","N0",0,0,30,0,0.0866042058072847,"E","cumulative_CO2_plastic","5"
"58","NONE","N1",0,0,30,0,0.0866042058072833,"E","cumulative_CO2_plastic","5"
"78","LDPE","N0",0.700768889606975,0.241253272921349,30,0.294668181134464,1.28007800969406,"D","cumulative_CO2_plastic","5"
"28","LDPE","N1",0.819875393187424,0.260951461367552,30,0.373545617012203,1.43941358097722,"D","cumulative_CO2_plastic","5"
"98","PBS","N0",24.8143291150186,1.4356119880104,30,21.9690224997764,27.8328441418754,"C","cumulative_CO2_plastic","5"
"48","PBS","N1",23.0444502779757,1.38346757076526,30,20.3056367698232,25.9564721977429,"C","cumulative_CO2_plastic","5"
"88","PLA","N0",0.104092067227359,0.0929810880645133,30,0.000803557923569227,0.38058898814572,"DE","cumulative_CO2_plastic","5"
"38","PLA","N1",0.0443476382056062,0.0606905474697415,30,0,0.254898477468188,"DE","cumulative_CO2_plastic","5"
"68","PLA/PHA","N0",135.345434244052,3.35279972443561,30,128.58470792115,142.279368978569,"B","cumulative_CO2_plastic","5"
"19","PLA/PHA","N1",184.134119106985,3.9106859535873,30,176.234037104537,192.207409521048,"A","cumulative_CO2_plastic","5"
"59","NONE","N0",4.00200449145938e-30,6.01412971707333e-16,30,0,0.0942400221112314,"E","cumulative_CO2_plastic","15"
"109","NONE","N1",0,0,30,0,0.09424002211123,"E","cumulative_CO2_plastic","15"
"79","LDPE","N0",4.07335852432188,0.606750752600168,30,2.92844819655775,5.40674889630848,"D","cumulative_CO2_plastic","15"
"29","LDPE","N1",3.13218217289545,0.532056204336587,30,2.13981846368589,4.31302592632747,"D","cumulative_CO2_plastic","15"
"49","PBS","N0",34.484893370093,1.76542165292901,30,30.9736613766696,38.184605407739,"C","cumulative_CO2_plastic","15"
"99","PBS","N1",35.9192828225586,1.80176370254865,30,32.3338304621914,39.6932152271483,"C","cumulative_CO2_plastic","15"
"39","PLA","N0",0.276292515533048,0.158022367974957,30,0.0478078080495235,0.693257267239032,"E","cumulative_CO2_plastic","15"
"89","PLA","N1",0.181564398955444,0.128100065953209,30,0.0141891847200634,0.537419657413286,"E","cumulative_CO2_plastic","15"
"110","PLA/PHA","N0",269.093770449516,4.93157709880978,30,259.116386396602,279.259634546652,"B","cumulative_CO2_plastic","15"
"69","PLA/PHA","N1",443.949612673881,6.33433234538128,30,431.107420217962,456.980285174023,"A","cumulative_CO2_plastic","15"
"1010","NONE","N0",0,0,30,0,0.150910383023557,"E","cumulative_CO2_plastic","30"
"510","NONE","N1",0,0,30,0,0.150910383023557,"E","cumulative_CO2_plastic","30"
"710","LDPE","N0",5.47841666878129,0.890437427402446,30,3.8108112197611,7.4478428838486,"D","cumulative_CO2_plastic","30"
"210","LDPE","N1",4.40604642471416,0.798546867917473,30,2.92610653432424,6.1878070811512,"D","cumulative_CO2_plastic","30"
"410","PBS","N0",43.4869326659899,2.50873774603929,30,38.5143170501941,48.7613690478327,"C","cumulative_CO2_plastic","30"
"910","PBS","N1",46.7961709301488,2.60244185768084,30,41.6321859881054,52.2619766382394,"C","cumulative_CO2_plastic","30"
"310","PLA","N0",0.726384444013788,0.324234440141196,30,0.215119760552731,1.53946989352197,"E","cumulative_CO2_plastic","30"
"810","PLA","N1",0.630998520705394,0.302196929097083,30,0.164740439055164,1.39907736840275,"E","cumulative_CO2_plastic","30"
"610","PLA/PHA","N0",468.510674007945,8.23446942081118,30,451.844554300591,485.478614481346,"B","cumulative_CO2_plastic","30"
"111","PLA/PHA","N1",681.156578186577,9.92885923908718,30,661.030052823121,701.584924316081,"A","cumulative_CO2_plastic","30"
"511","NONE","N0",0,0,30,0,0.47209314853571,"E","cumulative_CO2_plastic","193"
"1011","NONE","N1",0,0,30,0,0.472093148535705,"E","cumulative_CO2_plastic","193"
"711","LDPE","N0",33.2530681656176,3.88012775884876,30,25.8008832653266,41.64943936298,"C","cumulative_CO2_plastic","193"
"211","LDPE","N1",41.9133424832275,4.35618497103648,30,33.488919050862,51.2819522126645,"C","cumulative_CO2_plastic","193"
"911","PBS","N0",80.5454125845526,6.03879893169065,30,68.6846330057552,93.3503784604215,"B","cumulative_CO2_plastic","193"
"411","PBS","N1",74.1062627097195,5.7923876666809,30,62.7487220703738,86.4079896461366,"B","cumulative_CO2_plastic","193"
"811","PLA","N0",9.89139507843616,2.11621085927574,30,6.04160907734745,14.6853673765963,"D","cumulative_CO2_plastic","193"
"311","PLA","N1",3.34907393007825,1.23138123644449,30,1.30635109621722,6.3359830610107,"D","cumulative_CO2_plastic","193"
"112","PLA/PHA","N0",1739.45125639723,28.0631421382128,30,1682.61076731963,1797.23593177191,"A","cumulative_CO2_plastic","193"
"611","PLA/PHA","N1",1635.07729668631,27.2081684972887,30,1579.98289672643,1691.11588294326,"A","cumulative_CO2_plastic","193"
"512","NONE","N0",8.62261256772846e-31,1.99098657344966e-16,30,0,0.0479363716528628,"D","daily_CO2_plastic","5"
"1012","NONE","N1",0,0,30,0,0.0479363716528622,"D","daily_CO2_plastic","5"
"712","LDPE","N0",0.14160008139446,0.0806827414687579,30,0.0247603124468047,0.35431259364784,"D","daily_CO2_plastic","5"
"212","LDPE","N1",0.0538424289569527,0.0497520770927086,30,0.000171503919600474,0.20338609730003,"D","daily_CO2_plastic","5"
"912","PBS","N0",1.62695131472393,0.273486676459062,30,1.11635337987909,2.23342199287451,"C","daily_CO2_plastic","5"
"412","PBS","N1",1.78454351363761,0.286426018428448,30,1.24751991708603,2.41743985349493,"C","daily_CO2_plastic","5"
"812","PLA","N0",0.00165802621658845,0.00873061006091093,30,0,0.0674246823235557,"D","daily_CO2_plastic","5"
"312","PLA","N1",0.0347262104056948,0.0399555939610761,30,0,0.164262791080419,"D","daily_CO2_plastic","5"
"113","PLA/PHA","N0",15.9409259444283,0.856062882246591,30,14.2405486708071,17.7371759613552,"B","daily_CO2_plastic","5"
"612","PLA/PHA","N1",31.8098830359372,1.20928852270927,30,29.3881227659397,34.3275160492404,"A","daily_CO2_plastic","5"
"1013","NONE","N0",0,0,30,0,0.0185333978905796,"E","daily_CO2_plastic","15"
"513","NONE","N1",0,0,30,0,0.0185333978905795,"E","daily_CO2_plastic","15"
"713","LDPE","N0",0.453447784643365,0.089775427645159,30,0.288635299401572,0.655327065666318,"CD","daily_CO2_plastic","15"
"213","LDPE","N1",0.190991247027585,0.0582640369687156,30,0.0905336070240403,0.32851568281229,"D","daily_CO2_plastic","15"
"913","PBS","N0",0.543160925123723,0.0982557782758703,30,0.361029253369052,0.762359392659554,"CD","daily_CO2_plastic","15"
"413","PBS","N1",0.976167778481997,0.131721320086503,30,0.725690352452272,1.26371200029288,"C","daily_CO2_plastic","15"
"813","PLA","N0",5.63547019897159e-30,3.16489217872497e-16,30,0,0.0185333978905805,"E","daily_CO2_plastic","15"
"313","PLA","N1",0.00427628583919347,0.0087182075499383,30,0,0.0406146388773298,"E","daily_CO2_plastic","15"
"613","PLA/PHA","N0",12.4522599070528,0.470454826859566,30,11.5099963701142,13.4315902397727,"B","daily_CO2_plastic","15"
"114","PLA/PHA","N1",20.2073724619896,0.599306190250326,30,19.0019593346411,21.4498523851192,"A","daily_CO2_plastic","15"
"514","NONE","N0",0,0,30,0,0.015036457681992,"F","daily_CO2_plastic","30"
"1014","NONE","N1",0,0,30,0,0.015036457681992,"F","daily_CO2_plastic","30"
"714","LDPE","N0",0.133567898374524,0.043887428001873,30,0.0589742706703877,0.238234441442646,"CD","daily_CO2_plastic","30"
"214","LDPE","N1",0.105279674571385,0.0389638040511277,30,0.0407414284470403,0.199890836059714,"DE","daily_CO2_plastic","30"
"414","PBS","N0",0.423264498271455,0.0781258949385086,30,0.278746592596647,0.597855319310248,"BC","daily_CO2_plastic","30"
"914","PBS","N1",0.512868060023963,0.0859987047637982,30,0.352271731689268,0.703537303722643,"B","daily_CO2_plastic","30"
"314","PLA","N0",0.0243474462487501,0.0187376788659928,30,0.00111645848770748,0.0776513493737775,"DEF","daily_CO2_plastic","30"
"814","PLA","N1",0.00330756081660983,0.00690626125112136,30,0,0.0324484856277879,"EF","daily_CO2_plastic","30"
"115","PLA/PHA","N0",15.0904068415092,0.466487013561967,30,14.1527497201714,16.058136878211,"A","daily_CO2_plastic","30"
"614","PLA/PHA","N1",14.0777601877495,0.450563353029713,30,13.1726235197202,15.0129697711428,"A","daily_CO2_plastic","30"
"515","NONE","N0",0,0,30,0,0.0181082478062393,"D","daily_CO2_plastic","193"
"1015","NONE","N1",0,0,30,0,0.0181082478062393,"D","daily_CO2_plastic","193"
"415","LDPE","N0",0.130433535789418,0.0475936665671774,30,0.051342549271126,0.245741017920189,"BC","daily_CO2_plastic","193"
"815","LDPE","N1",0.00370916271942041,0.00802587650802616,30,0,0.0382084370556769,"CD","daily_CO2_plastic","193"
"915","PBS","N0",0.206042783084951,0.0598181853016824,30,0.101985998663641,0.34631606311874,"B","daily_CO2_plastic","193"
"715","PBS","N1",0.166819632231106,0.0538242652169056,30,0.0750040657042062,0.294851694370485,"B","daily_CO2_plastic","193"
"215","PLA","N0",0.0504178832261639,0.0295901273356941,30,0.00809502899626898,0.128957233068538,"BCD","daily_CO2_plastic","193"
"315","PLA","N1",0.00224496504013999,0.00624394862727965,30,0,0.0331050571464327,"CD","daily_CO2_plastic","193"
"116","PLA/PHA","N0",3.44942060403724,0.244752764914858,30,2.9676770214543,3.96738068223267,"A","daily_CO2_plastic","193"
"615","PLA/PHA","N1",2.81371769169035,0.221052174118547,30,2.38037717288877,3.2832747061044,"A","daily_CO2_plastic","193"
"316","NONE","N0",45.3501613989057,1.48060063228995,30,42.3767754380092,48.4243552182252,"C","cumulative_CO2_native","5"
"1016","NONE","N1",44.3144460316679,1.46359586659999,30,41.3757884353658,47.3539114863929,"C","cumulative_CO2_native","5"
"816","LDPE","N0",45.8084044290751,1.48806223312095,30,42.8197798463216,48.8978368702517,"C","cumulative_CO2_native","5"
"516","LDPE","N1",44.8822871493004,1.47294320739169,30,41.9245397363598,47.9408424206639,"C","cumulative_CO2_native","5"
"117","PBS","N0",62.6525764128144,1.74027539296282,30,59.1488638405991,66.2570968434527,"B","cumulative_CO2_native","5"
"216","PBS","N1",62.0370006012113,1.73170498870221,30,58.5507911295568,65.6240179312887,"B","cumulative_CO2_native","5"
"916","PLA","N0",46.5842057927679,1.50061008149497,30,43.5699550848942,49.6992643590645,"C","cumulative_CO2_native","5"
"416","PLA","N1",48.5883685125492,1.53255006316766,30,45.5088876598507,51.7686572236708,"C","cumulative_CO2_native","5"
"716","PLA/PHA","N0",104.504954765516,2.2475892839519,30,99.9651690070344,109.14554838242,"A","cumulative_CO2_native","5"
"616","PLA/PHA","N1",111.497672373069,2.3215680195368,30,106.806801880551,116.28935072401,"A","cumulative_CO2_native","5"
"417","NONE","N0",119.258357625999,3.21989567689666,30,112.68245337291,125.834261879089,"C","cumulative_CO2_native","15"
"517","NONE","N1",107.917348598715,3.21989567689666,30,101.341444345625,114.493252851804,"C","cumulative_CO2_native","15"
"817","LDPE","N0",117.198572603754,3.21989567689666,30,110.622668350665,123.774476856844,"C","cumulative_CO2_native","15"
"1017","LDPE","N1",108.709769764684,3.21989567689666,30,102.133865511594,115.285674017773,"C","cumulative_CO2_native","15"
"917","PBS","N0",149.734283432327,3.21989567689666,30,143.158379179238,156.310187685417,"B","cumulative_CO2_native","15"
"217","PBS","N1",137.846037155055,3.21989567689666,30,131.270132901965,144.421941408144,"B","cumulative_CO2_native","15"
"118","PLA","N0",119.95898436509,3.21989567689666,30,113.383080112001,126.53488861818,"C","cumulative_CO2_native","15"
"317","PLA","N1",116.528388289632,3.21989567689666,30,109.952484036543,123.104292542722,"C","cumulative_CO2_native","15"
"617","PLA/PHA","N0",228.968520144222,3.21989567689666,30,222.392615891133,235.544424397312,"A","cumulative_CO2_native","15"
"717","PLA/PHA","N1",222.417477951306,3.21989567689666,30,215.841573698217,228.993382204395,"A","cumulative_CO2_native","15"
"818","NONE","N0",220.863156225957,4.49692926618688,30,211.679201447689,230.047111004226,"D","cumulative_CO2_native","30"
"1018","NONE","N1",183.799781772995,4.49692926618687,30,174.615826994727,192.983736551263,"E","cumulative_CO2_native","30"
"418","LDPE","N0",216.371069102909,4.49692926618687,30,207.187114324641,225.555023881177,"D","cumulative_CO2_native","30"
"518","LDPE","N1",182.430037830322,4.49692926618687,30,173.246083052054,191.61399260859,"E","cumulative_CO2_native","30"
"918","PBS","N0",264.745768350269,4.49692926618688,30,255.561813572,273.929723128537,"C","cumulative_CO2_native","30"
"119","PBS","N1",218.963555717748,4.49692926618688,30,209.779600939479,228.147510496016,"D","cumulative_CO2_native","30"
"218","PLA","N0",225.108914708533,4.49692926618688,30,215.924959930264,234.292869486801,"D","cumulative_CO2_native","30"
"318","PLA","N1",193.941324562384,4.49692926618688,30,184.757369784116,203.125279340653,"E","cumulative_CO2_native","30"
"718","PLA/PHA","N0",387.746352121042,4.49692926618688,30,378.562397342774,396.930306899311,"A","cumulative_CO2_native","30"
"618","PLA/PHA","N1",335.361407211563,4.49692926618688,30,326.177452433295,344.545361989832,"B","cumulative_CO2_native","30"
"219","NONE","N0",878.153440827636,14.8681329948894,30,847.788662335549,908.518219319722,"D","cumulative_CO2_native","193"
"319","NONE","N1",693.892049492641,14.8681329948894,30,663.527271000555,724.256827984728,"EF","cumulative_CO2_native","193"
"120","LDPE","N0",840.747489895855,14.8681329948894,30,810.382711403769,871.112268387941,"D","cumulative_CO2_native","193"
"519","LDPE","N1",640.44032331428,14.8681329948894,30,610.075544822193,670.805101806366,"F","cumulative_CO2_native","193"
"619","PBS","N0",959.777544249618,14.8681329948894,30,929.412765757531,990.142322741704,"C","cumulative_CO2_native","193"
"419","PBS","N1",758.552201653472,14.8681329948895,30,728.187423161386,788.916980145559,"E","cumulative_CO2_native","193"
"819","PLA","N0",896.12417561256,14.8681329948894,30,865.759397120473,926.488954104646,"CD","cumulative_CO2_native","193"
"1019","PLA","N1",693.543213089454,14.8681329948894,30,663.178434597368,723.90799158154,"EF","cumulative_CO2_native","193"
"719","PLA/PHA","N0",1237.86761835117,14.8681329948894,30,1207.50283985908,1268.23239684326,"A","cumulative_CO2_native","193"
"919","PLA/PHA","N1",1076.9254054236,14.8681329948894,30,1046.56062693151,1107.29018391568,"B","cumulative_CO2_native","193"
"820","NONE","N0",8.35594261605898,0.320887763093436,30,7.70060237592914,9.01128285618882,"D","daily_CO2_native","5"
"1020","NONE","N1",7.7495316233539,0.320887763093436,30,7.09419138322406,8.40487186348374,"D","daily_CO2_native","5"
"420","LDPE","N0",8.46467710924524,0.320887763093436,30,7.8093368691154,9.12001734937508,"D","daily_CO2_native","5"
"520","LDPE","N1",8.07841796250071,0.320887763093436,30,7.42307772237087,8.73375820263055,"D","daily_CO2_native","5"
"920","PBS","N0",10.9601669646416,0.320887763093436,30,10.3048267245118,11.6155072047715,"C","daily_CO2_native","5"
"121","PBS","N1",10.0622868114489,0.320887763093436,30,9.4069465713191,10.7176270515788,"C","daily_CO2_native","5"
"220","PLA","N0",8.49295780307899,0.320887763093436,30,7.83761756294915,9.14829804320884,"D","daily_CO2_native","5"
"320","PLA","N1",8.29267255619633,0.320887763093436,30,7.63733231606649,8.94801279632617,"D","daily_CO2_native","5"
"720","PLA/PHA","N0",15.8905518277696,0.320887763093436,30,15.2352115876398,16.5458920678994,"B","daily_CO2_native","5"
"620","PLA/PHA","N1",17.7200548978852,0.320887763093436,30,17.0647146577553,18.375395138015,"A","daily_CO2_native","5"
"821","NONE","N0",7.23729032512187,0.136467145232018,30,6.95858723322446,7.51599341701928,"C","daily_CO2_native","15"
"321","NONE","N1",5.61488157358177,0.136467145232018,30,5.33617848168436,5.89358466547919,"EF","daily_CO2_native","15"
"421","LDPE","N0",6.72192275665812,0.136467145232018,30,6.4432196647607,7.00062584855553,"CD","daily_CO2_native","15"
"521","LDPE","N1",5.24685715393167,0.136467145232018,30,4.96815406203426,5.52556024582908,"F","daily_CO2_native","15"
"621","PBS","N0",8.43299046042066,0.136467145232018,30,8.15428736852325,8.71169355231807,"B","daily_CO2_native","15"
"122","PBS","N1",6.15001349359356,0.136467145232018,30,5.87131040169615,6.42871658549097,"DE","daily_CO2_native","15"
"221","PLA","N0",7.16685765981055,0.136467145232018,30,6.88815456791313,7.44556075170796,"C","daily_CO2_native","15"
"1021","PLA","N1",6.05403073342268,0.136467145232018,30,5.77532764152527,6.33273382532009,"E","daily_CO2_native","15"
"721","PLA/PHA","N0",11.4368504415701,0.136467145232018,30,11.1581473496727,11.7155535334675,"A","daily_CO2_native","15"
"921","PLA/PHA","N1",8.35292193988288,0.136467145232018,30,8.07421884798546,8.63162503178029,"B","daily_CO2_native","15"
"822","NONE","N0",6.61750569295258,0.0970717360320677,30,6.41925876016894,6.81575262573621,"CD","daily_CO2_native","30"
"522","NONE","N1",4.24395809165287,0.0970717360320677,30,4.04571115886923,4.4422050244365,"F","daily_CO2_native","30"
"422","LDPE","N0",6.39865651392543,0.0970717360320677,30,6.20040958114179,6.59690344670906,"D","daily_CO2_native","30"
"322","LDPE","N1",4.32336729293167,0.0970717360320677,30,4.12512036014804,4.52161422571531,"F","daily_CO2_native","30"
"722","PBS","N0",7.55606969950853,0.0970717360320677,30,7.3578227667249,7.75431663229217,"B","daily_CO2_native","30"
"123","PBS","N1",4.79955686285652,0.0970717360320678,30,4.60130993007288,4.99780379564015,"E","daily_CO2_native","30"
"222","PLA","N0",6.55902355200969,0.0970717360320677,30,6.36077661922605,6.75727048479333,"CD","daily_CO2_native","30"
"1022","PLA","N1",4.59419788512563,0.0970717360320677,30,4.39595095234199,4.79244481790926,"EF","daily_CO2_native","30"
"622","PLA/PHA","N0",9.60572122966876,0.0970717360320677,30,9.40747429688512,9.8039681624524,"A","daily_CO2_native","30"
"922","PLA/PHA","N1",6.87348422174758,0.0970717360320677,30,6.67523728896394,7.07173115453122,"C","daily_CO2_native","30"
"623","NONE","N0",2.61074857675347,0.144273012828708,30,2.31610377646581,2.90539337704114,"BC","daily_CO2_native","193"
"124","NONE","N1",2.82727079814786,0.144273012828708,30,2.5326259978602,3.12191559843552,"BC","daily_CO2_native","193"
"1023","LDPE","N0",2.4013721175616,0.144273012828708,30,2.10672731727393,2.69601691784926,"BC","daily_CO2_native","193"
"523","LDPE","N1",2.28206067963075,0.144273012828707,30,1.98741587934308,2.57670547991841,"C","daily_CO2_native","193"
"823","PBS","N0",2.68230877961574,0.144273012828708,30,2.38766397932808,2.9769535799034,"BC","daily_CO2_native","193"
"323","PBS","N1",2.62914100869305,0.144273012828708,30,2.33449620840539,2.92378580898072,"BC","daily_CO2_native","193"
"923","PLA","N0",3.0251098785146,0.144273012828708,30,2.73046507822694,3.31975467880227,"AB","daily_CO2_native","193"
"423","PLA","N1",2.43341275985995,0.144273012828708,30,2.13876795957228,2.72805756014761,"BC","daily_CO2_native","193"
"723","PLA/PHA","N0",3.66894875496141,0.144273012828708,30,3.37430395467374,3.96359355524907,"A","daily_CO2_native","193"
"223","PLA/PHA","N1",3.55063139253129,0.144273012828708,30,3.25598659224362,3.84527619281895,"A","daily_CO2_native","193"
"824","LDPE","N0",0.802910738086874,0.192346885459856,19,0.400324080028875,1.20549739614487,"C","cumulative_priming","5"
"224","LDPE","N1",1.85278332342927,0.333154578294102,19,1.15548277722346,2.55008386963508,"BC","cumulative_priming","5"
"524","PBS","N0",2.58313802075588,0.166577289147051,19,2.23448774765298,2.93178829385879,"B","cumulative_priming","5"
"724","PBS","N1",2.58926298752235,0.166577289147051,19,2.24061271441945,2.93791326062526,"B","cumulative_priming","5"
"424","PLA","N0",1.27819723882468,0.192346885459856,19,0.875610580766681,1.68078389688268,"C","cumulative_priming","5"
"624","PLA","N1",1.5019582281494,0.166577289147051,19,1.15330795504649,1.8506085012523,"C","cumulative_priming","5"
"324","PLA/PHA","N0",3.89427978733899,0.166577289147051,19,3.54562951423608,4.24293006044189,"A","cumulative_priming","5"
"125","PLA/PHA","N1",4.06507123349625,0.166577289147051,19,3.71642096039335,4.41372150659916,"A","cumulative_priming","5"
"825","LDPE","N0",-2.05978502224479,3.46433545881319,24,-9.2098219926863,5.09025194819671,"C","cumulative_priming","15"
"225","LDPE","N1",0.792421165969146,3.46433545881319,24,-6.35761580447236,7.94245813641065,"C","cumulative_priming","15"
"525","PBS","N0",30.4759258063283,3.46433545881319,24,23.3258888358868,37.6259627767698,"B","cumulative_priming","15"
"725","PBS","N1",29.9286885563402,3.46433545881319,24,22.7786515858987,37.0787255267817,"B","cumulative_priming","15"
"425","PLA","N0",0.700626739091178,3.46433545881319,24,-6.44941023135032,7.85066370953268,"C","cumulative_priming","15"
"625","PLA","N1",8.61103969091717,3.46433545881319,24,1.46100272047566,15.7610766613587,"C","cumulative_priming","15"
"325","PLA/PHA","N0",109.710162518224,3.46433545881319,24,102.560125547782,116.860199488665,"A","cumulative_priming","15"
"126","PLA/PHA","N1",114.500129352592,3.46433545881319,24,107.35009238215,121.650166323033,"A","cumulative_priming","15"
"426","LDPE","N0",-4.49208712304829,4.75902417219072,24,-14.3142302667857,5.33005602068916,"C","cumulative_priming","30"
"826","LDPE","N1",-1.36974394267247,4.75902417219072,24,-11.1918870864099,8.45239920106497,"C","cumulative_priming","30"
"326","PBS","N0",43.882612124311,4.75902417219072,24,34.0604689805736,53.7047552680485,"B","cumulative_priming","30"
"726","PBS","N1",35.1637739447528,4.75902417219072,24,25.3416308010154,44.9859170884902,"B","cumulative_priming","30"
"226","PLA","N0",4.24575848257506,4.75902417219072,24,-5.57638466116238,14.0679016263125,"C","cumulative_priming","30"
"626","PLA","N1",10.1415427893898,4.75902417219072,24,0.319399645652329,19.9636859331272,"C","cumulative_priming","30"
"127","PLA/PHA","N0",166.883195895085,4.75902417219073,24,157.061052751348,176.705339038823,"A","cumulative_priming","30"
"526","PLA/PHA","N1",151.561625438569,4.75902417219072,24,141.739482294831,161.383768582306,"A","cumulative_priming","30"
"427","LDPE","N0",-37.4059509317804,14.2776951027416,24,-66.8736653176924,-7.93823654586842,"DE","cumulative_priming","193"
"827","LDPE","N1",-53.4517261783618,14.2776951027416,24,-82.9194405642738,-23.9840117924498,"E","cumulative_priming","193"
"727","PBS","N0",81.6241034219823,14.2776951027416,24,52.1563890360703,111.091817807894,"B","cumulative_priming","193"
"327","PBS","N1",64.660152160831,14.2776951027416,24,35.192437774919,94.1278665467429,"BC","cumulative_priming","193"
"627","PLA","N0",17.970734784924,14.2776951027416,24,-11.4969796009879,47.438449170836,"BCD","cumulative_priming","193"
"227","PLA","N1",-0.348836403187604,14.2776951027416,24,-29.8165507890996,29.1188779827244,"CDE","cumulative_priming","193"
"128","PLA/PHA","N0",359.714177523534,14.2776951027416,24,330.246463137622,389.181891909446,"A","cumulative_priming","193"
"527","PLA/PHA","N1",383.033355930954,14.2776951027416,24,353.565641545042,412.501070316866,"A","cumulative_priming","193"
"828","LDPE","N0",0.108734493186268,0.35434613065728,24,-0.622599976195747,0.840068962568284,"D","priming","5"
"228","LDPE","N1",0.328886339146813,0.35434613065728,24,-0.402448130235202,1.06022080852883,"D","priming","5"
"528","PBS","N0",2.60422434858266,0.35434613065728,24,1.87288987920064,3.33555881796467,"C","priming","5"
"728","PBS","N1",2.31275518809504,0.354346130657279,24,1.58142071871302,3.04408965747705,"C","priming","5"
"428","PLA","N0",0.137015187020007,0.354346130657279,24,-0.594319282362008,0.868349656402023,"D","priming","5"
"628","PLA","N1",0.543140932842425,0.354346130657279,24,-0.18819353653959,1.27447540222444,"D","priming","5"
"328","PLA/PHA","N0",7.53460921171062,0.35434613065728,24,6.8032747423286,8.26594368109263,"B","priming","5"
"129","PLA/PHA","N1",9.97052327453124,0.354346130657279,24,9.23918880514923,10.7018577439133,"A","priming","5"
"429","LDPE","N0",-0.515367568463754,0.147684925732996,24,-0.820174274258226,-0.210560862669281,"E","priming","15"
"829","LDPE","N1",-0.368024419650103,0.147684925732996,24,-0.672831125444576,-0.0632177138556299,"E","priming","15"
"329","PBS","N0",1.19570013529878,0.147684925732996,24,0.890893429504311,1.50050684109326,"C","priming","15"
"729","PBS","N1",0.535131920011784,0.147684925732996,24,0.230325214217312,0.839938625806257,"CD","priming","15"
"229","PLA","N0",-0.0704326653113276,0.147684925732996,24,-0.3752393711058,0.234374040483145,"DE","priming","15"
"629","PLA","N1",0.439149159840904,0.147684925732996,24,0.134342454046432,0.743955865635377,"D","priming","15"
"130","PLA/PHA","N0",4.19956011644825,0.147684925732996,24,3.89475341065378,4.50436682224272,"A","priming","15"
"529","PLA/PHA","N1",2.7380403663011,0.147684925732996,24,2.43323366050663,3.04284707209557,"B","priming","15"
"430","LDPE","N0",-0.21884917902715,0.0860364437415972,24,-0.396419671513023,-0.0412786865412771,"E","priming","30"
"230","LDPE","N1",0.0794092012788044,0.0860364437415972,24,-0.0981612912070687,0.256979693764677,"DE","priming","30"
"530","PBS","N0",0.938564006555958,0.0860364437415972,24,0.760993514070085,1.11613449904183,"B","priming","30"
"730","PBS","N1",0.555598771203649,0.0860364437415972,24,0.378028278717776,0.733169263689522,"BC","priming","30"
"830","PLA","N0",-0.0584821409428868,0.0860364437415972,24,-0.23605263342876,0.119088351542986,"E","priming","30"
"630","PLA","N1",0.350239793472759,0.0860364437415972,24,0.172669300986886,0.527810285958632,"CD","priming","30"
"131","PLA/PHA","N0",2.98821553671619,0.0860364437415973,24,2.81064504423032,3.16578602920206,"A","priming","30"
"330","PLA/PHA","N1",2.62952613009471,0.0860364437415972,24,2.45195563760884,2.80709662258058,"A","priming","30"
"331","LDPE","N0",-0.209376459191876,0.141277009961776,24,-0.500957876843095,0.0822049584593429,"CD","priming","193"
"431","LDPE","N1",-0.545210118517109,0.141277009961776,24,-0.836791536168328,-0.25362870086589,"D","priming","193"
"631","PBS","N0",0.0715602028622655,0.141277009961776,24,-0.220021214788953,0.363141620513484,"BCD","priming","193"
"231","PBS","N1",-0.198129789454808,0.141277009961776,24,-0.489711207106026,0.0934516281964108,"CD","priming","193"
"132","PLA","N0",0.414361301761127,0.141277009961776,24,0.122779884109908,0.705942719412345,"ABC","priming","193"
"831","PLA","N1",-0.393858038287912,0.141277009961776,24,-0.685439455939131,-0.102276620636694,"D","priming","193"
"531","PLA/PHA","N0",1.05820017820794,0.141277009961777,24,0.766618760556718,1.34978159585916,"A","priming","193"
"731","PLA/PHA","N1",0.723360594383428,0.141277009961776,24,0.43177917673221,1.01494201203465,"AB","priming","193"
"832","LDPE","N0",0.430677233153216,0.0873585872309426,19,0.247833608719727,0.613520857586706,"C","cumulative_priming_relative","5"
"232","LDPE","N1",0.913606299508849,0.15130951156143,19,0.596911852150003,1.23030074686769,"BC","cumulative_priming_relative","5"
"532","PBS","N0",1.23178494154416,0.0756547557807152,19,1.07343771786474,1.39013216522359,"B","cumulative_priming_relative","5"
"732","PBS","N1",1.23429749930633,0.0756547557807152,19,1.07595027562691,1.39264472298576,"B","cumulative_priming_relative","5"
"432","PLA","N0",0.609499010604446,0.0873585872309426,19,0.426655386170957,0.792342635037936,"C","cumulative_priming_relative","5"
"632","PLA","N1",0.72198085265526,0.0756547557807151,19,0.563633628975838,0.880328076334683,"C","cumulative_priming_relative","5"
"332","PLA/PHA","N0",1.85955721699439,0.0756547557807152,19,1.70120999331497,2.01790444067381,"A","cumulative_priming_relative","5"
"133","PLA/PHA","N1",1.96820955044121,0.0756547557807151,19,1.80986232676179,2.12655677412064,"A","cumulative_priming_relative","5"
"833","LDPE","N0",-0.292926466474992,0.456508598296059,24,-1.23511390586905,0.64926097291907,"C","cumulative_priming_relative","15"
"633","LDPE","N1",0.123645062875182,0.456508598296059,24,-0.81854237651888,1.06583250226924,"C","cumulative_priming_relative","15"
"733","PBS","N0",3.65347203710532,0.456508598296059,24,2.71128459771126,4.59565947649939,"B","cumulative_priming_relative","15"
"533","PBS","N1",3.81908067660433,0.456508598296059,24,2.87689323721027,4.76126811599839,"B","cumulative_priming_relative","15"
"433","PLA","N0",0.0584654628764652,0.456508598296059,24,-0.883721976517597,1.00065290227053,"C","cumulative_priming_relative","15"
"233","PLA","N1",1.15749234414912,0.456508598296059,24,0.215304904755062,2.09967978354319,"C","cumulative_priming_relative","15"
"333","PLA/PHA","N0",13.2669785977807,0.456508598296059,24,12.3247911583866,14.2091660371747,"A","cumulative_priming_relative","15"
"134","PLA/PHA","N1",14.9325215183185,0.456508598296059,24,13.9903340789244,15.8747089577125,"A","cumulative_priming_relative","15"
"834","LDPE","N0",-0.655517685706152,0.686990002486609,24,-2.0733953636911,0.762359992278793,"C","cumulative_priming_relative","30"
"434","LDPE","N1",-0.232406795755592,0.686990002486609,24,-1.65028447374054,1.18547088222935,"C","cumulative_priming_relative","30"
"334","PBS","N0",5.63599533253913,0.686990002486609,24,4.21811765455419,7.05387301052408,"B","cumulative_priming_relative","30"
"734","PBS","N1",4.93452949356441,0.686990002486608,24,3.51665181557947,6.35240717154936,"B","cumulative_priming_relative","30"
"234","PLA","N0",0.575757697428455,0.686990002486608,24,-0.84211998055649,1.9936353754134,"C","cumulative_priming_relative","30"
"634","PLA","N1",1.54129476566552,0.686990002486608,24,0.123417087680578,2.95917244365047,"C","cumulative_priming_relative","30"
"534","PLA/PHA","N0",21.6920176079096,0.686990002486609,24,20.2741399299246,23.1098952858945,"A","cumulative_priming_relative","30"
"135","PLA/PHA","N1",22.4246880015031,0.686990002486608,24,21.0068103235181,23.842565679488,"A","cumulative_priming_relative","30"
"435","LDPE","N0",-8.28072746148386,4.06023848245518,24,-16.6606478252899,0.0991929023221427,"DE","cumulative_priming_relative","193"
"835","LDPE","N1",-16.522691315151,4.06023848245518,24,-24.902611678957,-8.14277095134497,"E","cumulative_priming_relative","193"
"335","PBS","N0",12.9328035770964,4.06023848245518,24,4.55288321329045,21.3127239409024,"C","cumulative_priming_relative","193"
"735","PBS","N1",14.9720022848765,4.06023848245518,24,6.59208192107053,23.3519226486825,"C","cumulative_priming_relative","193"
"235","PLA","N0",7.1429552354398,4.06023848245518,24,-1.2369651283662,15.5228755992458,"CD","cumulative_priming_relative","193"
"635","PLA","N1",-1.58969728164251,4.06023848245518,24,-9.9696176454485,6.79022308216349,"CDE","cumulative_priming_relative","193"
"136","PLA/PHA","N0",67.2747764708519,4.06023848245518,24,58.8948561070459,75.6546968346579,"B","cumulative_priming_relative","193"
"535","PLA/PHA","N1",94.7684211881267,4.06023848245518,24,86.3885008243207,103.148341551933,"A","cumulative_priming_relative","193"
"836","LDPE","N0",0.0130128338815172,0.044015263003676,24,-0.0778302041214489,0.103855871884483,"D","priming_relative","5"
"236","LDPE","N1",0.0424395118481333,0.044015263003676,24,-0.0484035261548328,0.133282549851099,"D","priming_relative","5"
"536","PBS","N0",0.311661349083189,0.044015263003676,24,0.220818311080223,0.402504387086155,"C","priming_relative","5"
"736","PBS","N1",0.298438060582312,0.044015263003676,24,0.207595022579346,0.389281098585278,"C","priming_relative","5"
"436","PLA","N0",0.0163973346055158,0.044015263003676,24,-0.0744457033974502,0.107240372608482,"D","priming_relative","5"
"636","PLA","N1",0.0700869367647486,0.0440152630036759,24,-0.0207561012382174,0.160929974767715,"D","priming_relative","5"
"336","PLA/PHA","N0",0.901706672474046,0.044015263003676,24,0.81086363447108,0.992549710477012,"B","priming_relative","5"
"137","PLA/PHA","N1",1.28659688857636,0.044015263003676,24,1.19575385057339,1.37743992657932,"A","priming_relative","5"
"437","LDPE","N0",-0.0712100171903874,0.0236057311515971,24,-0.119929851760346,-0.0224901826204283,"D","priming_relative","15"
"837","LDPE","N1",-0.0655444669361631,0.0236057311515971,24,-0.114264301506122,-0.016824632366204,"D","priming_relative","15"
"337","PBS","N0",0.165213786042036,0.0236057311515971,24,0.116493951472077,0.213933620611995,"B","priming_relative","15"
"737","PBS","N1",0.0953060029849247,0.023605731151597,24,0.0465861684149657,0.144025837554884,"BC","priming_relative","15"
"237","PLA","N0",-0.00973191099807675,0.0236057311515971,24,-0.0584517455680358,0.0389879235718823,"CD","priming_relative","15"
"637","PLA","N1",0.078211651320861,0.023605731151597,24,0.029491816750902,0.12693148589082,"BC","priming_relative","15"
"138","PLA/PHA","N0",0.580266913138866,0.0236057311515971,24,0.531547078568906,0.628986747708825,"A","priming_relative","15"
"537","PLA/PHA","N1",0.487639913757698,0.0236057311515971,24,0.438920079187739,0.536359748327657,"A","priming_relative","15"
"838","LDPE","N0",-0.033071249075043,0.0165152045206544,24,-0.0671569559302142,0.00101445778012822,"E","priming_relative","30"
"238","LDPE","N1",0.0187111181505277,0.0165152045206544,24,-0.0153745887046435,0.0527968250056989,"DE","priming_relative","30"
"538","PBS","N0",0.141830479655725,0.0165152045206544,24,0.107744772800554,0.175916186510897,"C","priming_relative","30"
"738","PBS","N1",0.130915235071811,0.0165152045206544,24,0.09682952821664,0.165000941926982,"C","priming_relative","30"
"438","PLA","N0",-0.00883749008409134,0.0165152045206544,24,-0.0429231969392625,0.0252482167710799,"E","priming_relative","30"
"638","PLA","N1",0.0825266852096445,0.0165152045206544,24,0.0484409783544734,0.116612392064816,"CD","priming_relative","30"
"338","PLA/PHA","N0",0.451562216243884,0.0165152045206544,24,0.417476509388713,0.485647923099055,"B","priming_relative","30"
"139","PLA/PHA","N1",0.619592859615304,0.0165152045206544,24,0.585507152760133,0.653678566470476,"A","priming_relative","30"
"339","LDPE","N0",-0.0801978639598609,0.0524213593982238,24,-0.188390232220441,0.0279945043007189,"CD","priming_relative","193"
"439","LDPE","N1",-0.192839723338237,0.0524213593982238,24,-0.301032091598817,-0.084647355077657,"D","priming_relative","193"
"639","PBS","N0",0.0274098408017721,0.0524213593982237,24,-0.0807825274588077,0.135602209062352,"BCD","priming_relative","193"
"239","PBS","N1",-0.0700781083950652,0.0524213593982237,24,-0.178270476655645,0.0381142598655145,"CD","priming_relative","193"
"140","PLA","N0",0.158713598640125,0.0524213593982237,24,0.0505212303795449,0.266905966900704,"BC","priming_relative","193"
"839","PLA","N1",-0.139306796698048,0.0524213593982237,24,-0.247499164958628,-0.0311144284374682,"D","priming_relative","193"
"539","PLA/PHA","N0",0.405324429793938,0.0524213593982238,24,0.297132061533358,0.513516798054518,"A","priming_relative","193"
"739","PLA/PHA","N1",0.255851188664807,0.0524213593982237,24,0.147658820404227,0.364043556925387,"AB","priming_relative","193"
"440","LDPE","N0",0.00270581106155819,0.00011025065284782,24,0.00248304879204709,0.00293814111970943,"E","cumulative_CO2_std","5"
"840","LDPE","N1",0.00267461732890463,0.000109613302568208,24,0.00245317048571888,0.00290563196073052,"E","cumulative_CO2_std","5"
"340","PBS","N0",0.00781941110629852,0.000187421521540131,24,0.00743737599189378,0.0082110140093434,"C","cumulative_CO2_std","5"
"740","PBS","N1",0.00761085605206456,0.000184905227711807,24,0.00723401431287273,0.00799726557989654,"C","cumulative_CO2_std","5"
"240","PLA","N0",0.00466624248468186,0.000144782505391736,24,0.00437220997437502,0.00496984278362883,"D","cumulative_CO2_std","5"
"640","PLA","N1",0.00486385808833516,0.000147816489316666,24,0.00456356374296966,0.0051737202223408,"D","cumulative_CO2_std","5"
"141","PLA/PHA","N0",0.025413793922809,0.000337883658435427,24,0.0247212202204866,0.0261159354137715,"B","cumulative_CO2_std","5"
"540","PLA/PHA","N1",0.0313231079714101,0.000375115370266245,24,0.0305536917925931,0.0321020919388673,"A","cumulative_CO2_std","5"
"441","LDPE","N0",0.00704879837626791,0.000344061549014678,24,0.006338690240145,0.00775890651239081,"E","cumulative_CO2_std","15"
"841","LDPE","N1",0.00651113056147864,0.000344061549014678,24,0.00580102242535574,0.00722123869760155,"E","cumulative_CO2_std","15"
"741","PBS","N0",0.0164679898705684,0.000344061549014678,24,0.0157578817344455,0.0171780980066913,"C","cumulative_CO2_std","15"
"341","PBS","N1",0.0155354602801307,0.000344061549014678,24,0.0148253521440078,0.0162455684162536,"C","cumulative_CO2_std","15"
"641","PLA","N0",0.0120176101080646,0.000344061549014678,24,0.0113075019719416,0.0127277182441875,"D","cumulative_CO2_std","15"
"241","PLA","N1",0.0116691439975084,0.000344061549014678,24,0.0109590358613855,0.0123792521336313,"D","cumulative_CO2_std","15"
"142","PLA/PHA","N0",0.0527709499854234,0.000344061549014678,24,0.0520608418493005,0.0534810581215463,"B","cumulative_CO2_std","15"
"541","PLA/PHA","N1",0.0705999830428614,0.000344061549014678,24,0.0698898749067385,0.0713100911789843,"A","cumulative_CO2_std","15"
"442","LDPE","N0",0.0128969385781452,0.000295112152863943,24,0.0122950482782696,0.0135132113738992,"F","cumulative_CO2_std","30"
"842","LDPE","N1",0.0108731678786784,0.000270970383079563,24,0.0103211037427359,0.0114396145104993,"G","cumulative_CO2_std","30"
"742","PBS","N0",0.0275532301478242,0.000431350234509153,24,0.0266701582672021,0.0284506845243248,"C","cumulative_CO2_std","30"
"342","PBS","N1",0.0237504057343144,0.000400478582587302,24,0.0229310498116889,0.0245841441528184,"D","cumulative_CO2_std","30"
"642","PLA","N0",0.022556254018065,0.000390280872269976,24,0.0217579451350952,0.0233689453969131,"D","cumulative_CO2_std","30"
"242","PLA","N1",0.0194387436687264,0.0003623079594467,24,0.0186981680402972,0.020193701793034,"E","cumulative_CO2_std","30"
"143","PLA/PHA","N0",0.090713671445146,0.000782672637138544,24,0.0891055057630693,0.092336219623101,"B","cumulative_CO2_std","30"
"542","PLA/PHA","N1",0.107699220209048,0.000852805628419497,24,0.105946307147144,0.109466515766831,"A","cumulative_CO2_std","30"
"843","LDPE","N0",0.0508123037418724,0.00124866399449039,24,0.048235187919687,0.0533894195640578,"E","cumulative_CO2_std","193"
"443","LDPE","N1",0.0396831575225177,0.00124866399449039,24,0.0371060417003323,0.0422602733447031,"F","cumulative_CO2_std","193"
"743","PBS","N0",0.0930020370203982,0.00124866399449039,24,0.0904249211982128,0.0955791528425837,"C","cumulative_CO2_std","193"
"343","PBS","N1",0.0744419532365068,0.00124866399449039,24,0.0718648374143214,0.0770190690586922,"D","cumulative_CO2_std","193"
"643","PLA","N0",0.0905651799352548,0.00124866399449039,24,0.0879880641130694,0.0931422957574403,"C","cumulative_CO2_std","193"
"243","PLA","N1",0.0696347600252355,0.00124866399449039,24,0.06705764420305,0.0722118758474209,"D","cumulative_CO2_std","193"
"543","PLA/PHA","N0",0.315448514974911,0.00124866399449039,24,0.312871399152725,0.318025630797096,"A","cumulative_CO2_std","193"
"144","PLA/PHA","N1",0.287327491667364,0.00124866399449039,24,0.284750375845179,0.289904607489549,"B","cumulative_CO2_std","193"
"244","LDPE","N0",4.06775769766179e-05,1.70846770858033e-05,24,1.30579760173968e-05,8.35800569439343e-05,"D","cumulative_CO2_plastic_std","5"
"644","LDPE","N1",4.75913598794613e-05,1.84796309643705e-05,24,1.70927156167281e-05,9.337288315029e-05,"D","cumulative_CO2_plastic_std","5"
"145","PBS","N0",0.00221820582077044,0.000126162462505568,24,0.00196546073537779,0.00248623378517117,"C","cumulative_CO2_plastic_std","5"
"544","PBS","N1",0.00205999257550439,0.000121579979118339,24,0.00181670527098333,0.00231856275903354,"C","cumulative_CO2_plastic_std","5"
"444","PLA","N0",1.04002624969878e-05,8.63875957415939e-06,24,2.12178541677608e-07,3.58712254603934e-05,"D","cumulative_CO2_plastic_std","5"
"844","PLA","N1",4.43095320080765e-06,5.63868480062778e-06,24,0,2.37100661543448e-05,"D","cumulative_CO2_plastic_std","5"
"344","PLA/PHA","N0",0.0143393641354475,0.000320770324589691,24,0.0136849681634179,0.0150090429864851,"B","cumulative_CO2_plastic_std","5"
"744","PLA/PHA","N1",0.0195083506021626,0.000374144627118074,24,0.0187437954839168,0.0202881885994165,"A","cumulative_CO2_plastic_std","5"
"245","LDPE","N0",0.000236446505237117,4.31305141553527e-05,24,0.000155807744510146,0.000333841756765165,"D","cumulative_CO2_plastic_std","15"
"645","LDPE","N1",0.000181813980803572,3.78208968909254e-05,24,0.000112133731511447,0.000268250720896773,"D","cumulative_CO2_plastic_std","15"
"146","PBS","N0",0.00308267819160545,0.000155733584813652,24,0.00276963811531192,0.00341247475870006,"C","cumulative_CO2_plastic_std","15"
"545","PBS","N1",0.00321090132502013,0.000158939435187897,24,0.0028912446987504,0.00354731444209094,"C","cumulative_CO2_plastic_std","15"
"445","PLA","N0",2.7605510814004e-05,1.47372373999303e-05,24,5.56759314245566e-06,6.63999192866293e-05,"E","cumulative_CO2_plastic_std","15"
"845","PLA","N1",1.81408387741983e-05,1.19466700005302e-05,24,1.86236914439771e-06,5.11757992050758e-05,"E","cumulative_CO2_plastic_std","15"
"345","PLA/PHA","N0",0.0285095214523328,0.000473601587467899,24,0.0275404340625736,0.0294953653328931,"B","cumulative_CO2_plastic_std","15"
"745","PLA/PHA","N1",0.0470348718409124,0.000608314499441945,24,0.0457877506658972,0.0482987495067287,"A","cumulative_CO2_plastic_std","15"
"246","LDPE","N0",0.000318006006059029,6.1040056947598e-05,24,0.000204502551011166,0.000456463522482847,"D","cumulative_CO2_plastic_std","30"
"646","LDPE","N1",0.0002557580612695,5.47409001384869e-05,24,0.000155255426899431,0.000381214757015524,"DE","cumulative_CO2_plastic_std","30"
"147","PBS","N0",0.00388738969004676,0.000213415671933221,24,0.00345939842240288,0.00434033501906659,"C","cumulative_CO2_plastic_std","30"
"546","PBS","N1",0.00418320955871413,0.000221386981800287,24,0.00373876631610133,0.00465260686270289,"C","cumulative_CO2_plastic_std","30"
"446","PLA","N0",7.25760290164223e-05,2.91604263875496e-05,24,2.4868897626676e-05,0.000145237221782123,"EF","cumulative_CO2_plastic_std","30"
"846","PLA","N1",6.30456328263071e-05,2.71784555078158e-05,24,1.9429088284432e-05,0.000131616238744137,"F","cumulative_CO2_plastic_std","30"
"346","PLA/PHA","N0",0.0496370283450405,0.000762605890665929,24,0.048075564174894,0.051223446576563,"B","cumulative_CO2_plastic_std","30"
"746","PLA/PHA","N1",0.0721661004852251,0.000919525734613123,24,0.0702807696748651,0.0740763853569611,"A","cumulative_CO2_plastic_std","30"
"247","LDPE","N0",0.00193024299462586,0.000270530512087932,24,0.00141227275567045,0.00252896782522,"CD","cumulative_CO2_plastic_std","193"
"647","LDPE","N1",0.002432946497047,0.00030372220303228,24,0.00184647197489355,0.00310017561083918,"C","cumulative_CO2_plastic_std","193"
"148","PBS","N0",0.00720012627394688,0.000522492810146102,24,0.00616213141044472,0.00831887572908777,"B","cumulative_CO2_plastic_std","193"
"547","PBS","N1",0.00662451692875918,0.000501172657618593,24,0.00563052469739224,0.00769926375176486,"B","cumulative_CO2_plastic_std","193"
"847","PLA","N0",0.000988289578805836,0.000193576382695055,24,0.000629144856815721,0.00142818889243468,"DE","cumulative_CO2_plastic_std","193"
"447","PLA","N1",0.000334619620134505,0.000112638267791078,24,0.000142522957075593,0.000607470874832148,"E","cumulative_CO2_plastic_std","193"
"747","PLA/PHA","N0",0.184288632273811,0.00264337960911824,24,0.178873342196535,0.189784676942727,"A","cumulative_CO2_plastic_std","193"
"347","PLA/PHA","N1",0.173230584967578,0.00256284622202917,24,0.167981507632077,0.178560416894717,"A","cumulative_CO2_plastic_std","193"
"448","LDPE","N0",0.0026590434092826,0.000111800918565962,24,0.00243330355255901,0.00289479506259298,"E","cumulative_CO2_native_std","5"
"848","LDPE","N1",0.00260528501975344,0.000110664997683938,24,0.00238188958850438,0.00283869224758928,"E","cumulative_CO2_native_std","5"
"348","PBS","N0",0.00560064747432786,0.000162256377884225,24,0.00527077266769103,0.00594053407755148,"B","cumulative_CO2_native_std","5"
"748","PBS","N1",0.00554561983920243,0.00016145730737047,24,0.00521739423304958,0.00588385724194207,"BC","cumulative_CO2_native_std","5"
"248","PLA","N0",0.00465441777998599,0.000147916063218489,24,0.00435413992816107,0.00496470742839771,"D","cumulative_CO2_native_std","5"
"648","PLA","N1",0.00485466184207074,0.000151064406953184,24,0.00454788612814026,0.005171449352588,"CD","cumulative_CO2_native_std","5"
"149","PLA/PHA","N0",0.011071925763222,0.00022813621962369,24,0.0106060816459788,0.011547781677052,"A","cumulative_CO2_native_std","5"
"548","PLA/PHA","N1",0.0118127791553671,0.000235645255722671,24,0.01133143714932,0.012304132958001,"A","cumulative_CO2_native_std","5"
"849","LDPE","N0",0.00680303311026356,0.000316032153700743,24,0.00615077480281239,0.00745529141771474,"D","cumulative_CO2_native_std","15"
"449","LDPE","N1",0.00631028302382738,0.000316032153700743,24,0.00565802471637621,0.00696254133127855,"D","cumulative_CO2_native_std","15"
"749","PBS","N0",0.0133850670529494,0.000316032153700743,24,0.0127328087454982,0.0140373253604006,"B","cumulative_CO2_native_std","15"
"349","PBS","N1",0.0123223513547427,0.000316032153700743,24,0.0116700930472915,0.0129746096621939,"BC","cumulative_CO2_native_std","15"
"649","PLA","N0",0.0119855908283966,0.000316032153700743,24,0.0113333325209455,0.0126378491358478,"BC","cumulative_CO2_native_std","15"
"249","PLA","N1",0.0116428259986044,0.000316032153700743,24,0.0109905676911533,0.0122950843060556,"C","cumulative_CO2_native_std","15"
"549","PLA/PHA","N0",0.0242583948563955,0.000316032153700743,24,0.0236061365489444,0.0249106531638467,"A","cumulative_CO2_native_std","15"
"150","PLA/PHA","N1",0.0235643353929524,0.000316032153700743,24,0.0229120770855012,0.0242165937004035,"A","cumulative_CO2_native_std","15"
"850","LDPE","N0",0.0125597054171209,0.000435116769517699,24,0.0116616685423731,0.0134577422918687,"E","cumulative_CO2_native_std","30"
"450","LDPE","N1",0.01058952818361,0.000435116769517699,24,0.00969149130886215,0.0114875650583578,"E","cumulative_CO2_native_std","30"
"750","PBS","N0",0.0236661890658762,0.000435116769517699,24,0.0227681521911284,0.024564225940624,"C","cumulative_CO2_native_std","30"
"350","PBS","N1",0.0195736194026592,0.000435116769517699,24,0.0186755825279114,0.020471656277407,"D","cumulative_CO2_native_std","30"
"650","PLA","N0",0.0224915487389378,0.000435116769517699,24,0.02159351186419,0.0233895856136856,"C","cumulative_CO2_native_std","30"
"250","PLA","N1",0.0193774678339013,0.000435116769517699,24,0.0184794309591535,0.0202755047086491,"D","cumulative_CO2_native_std","30"
"550","PLA/PHA","N0",0.0410803376287471,0.000435116769517699,24,0.0401823007539992,0.0419783745034949,"A","cumulative_CO2_native_std","30"
"151","PLA/PHA","N1",0.0355303402869979,0.000435116769517699,24,0.0346323034122501,0.0364283771617457,"B","cumulative_CO2_native_std","30"
"851","LDPE","N0",0.0488029238245965,0.00124791106135571,24,0.0462273619800248,0.0513784856691683,"E","cumulative_CO2_native_std","193"
"451","LDPE","N1",0.0371756807942162,0.00124791106135571,24,0.0346001189496444,0.0397512426387879,"F","cumulative_CO2_native_std","193"
"751","PBS","N0",0.0857965623584282,0.00124791106135571,24,0.0832210005138564,0.088372124203,"C","cumulative_CO2_native_std","193"
"351","PBS","N1",0.0678085996710493,0.00124791106135571,24,0.0652330378264775,0.070384161515621,"D","cumulative_CO2_native_std","193"
"651","PLA","N0",0.0895354171025477,0.00124791106135571,24,0.086959855257976,0.0921109789471195,"C","cumulative_CO2_native_std","193"
"251","PLA","N1",0.0692947278430004,0.00124791106135571,24,0.0667191659984286,0.0718702896875721,"D","cumulative_CO2_native_std","193"
"551","PLA/PHA","N0",0.131147641811172,0.00124791106135571,24,0.1285720799666,0.133723203655744,"A","cumulative_CO2_native_std","193"
"152","PLA/PHA","N1",0.114096390626948,0.00124791106135571,24,0.111520828782376,0.11667195247152,"B","cumulative_CO2_native_std","193"
"252","NONE","N0",1.089,0.0674829916843249,30,0.951181344814298,1.2268186551857,"D","SOC","5"
"752","NONE","N1",1.131,0.0674829916843249,30,0.993181344814298,1.2688186551857,"D","SOC","5"
"153","LDPE","N0",2.649,0.0674829916843249,30,2.5111813448143,2.7868186551857,"A","SOC","5"
"652","LDPE","N1",2.6055,0.0674829916843249,30,2.4676813448143,2.7433186551857,"A","SOC","5"
"1024","PBS","N0",2.46,0.0674829916843249,30,2.3221813448143,2.5978186551857,"AB","SOC","5"
"552","PBS","N1",2.1845,0.067482991684325,30,2.0466813448143,2.3223186551857,"BC","SOC","5"
"924","PLA","N0",2.0935,0.0674829916843249,30,1.9556813448143,2.2313186551857,"C","SOC","5"
"452","PLA","N1",2.118,0.0674829916843249,30,1.9801813448143,2.2558186551857,"C","SOC","5"
"852","PLA/PHA","N0",1.97925,0.0674829916843249,30,1.8414313448143,2.1170686551857,"C","SOC","5"
"352","PLA/PHA","N1",1.96625,0.0674829916843249,30,1.8284313448143,2.1040686551857,"C","SOC","5"
"253","NONE","N0",1.13725,0.0402787940484816,30,1.05498972834176,1.21951027165824,"D","SOC","15"
"753","NONE","N1",1.12525,0.0402787940484816,30,1.04298972834176,1.20751027165824,"D","SOC","15"
"154","LDPE","N0",2.7165,0.0402787940484816,30,2.63423972834175,2.79876027165824,"A","SOC","15"
"653","LDPE","N1",2.77975,0.0402787940484816,30,2.69748972834176,2.86201027165824,"A","SOC","15"
"1025","PBS","N0",2.203,0.0402787940484816,30,2.12073972834176,2.28526027165824,"B","SOC","15"
"553","PBS","N1",2.15775,0.0402787940484817,30,2.07548972834176,2.24001027165824,"B","SOC","15"
"925","PLA","N0",2.1355,0.0402787940484816,30,2.05323972834176,2.21776027165824,"B","SOC","15"
"453","PLA","N1",2.11,0.0402787940484817,30,2.02773972834176,2.19226027165824,"B","SOC","15"
"853","PLA/PHA","N0",1.884,0.0402787940484816,30,1.80173972834176,1.96626027165824,"C","SOC","15"
"353","PLA/PHA","N1",1.88325,0.0402787940484817,30,1.80098972834176,1.96551027165824,"C","SOC","15"
"254","NONE","N0",1.11625,0.0263255658375403,30,1.06248602199345,1.17001397800655,"F","SOC","30"
"754","NONE","N1",1.104,0.0263255658375403,30,1.05023602199345,1.15776397800655,"F","SOC","30"
"155","LDPE","N0",2.408,0.0263255658375403,30,2.35423602199345,2.46176397800655,"B","SOC","30"
"654","LDPE","N1",2.54725,0.0263255658375403,30,2.49348602199345,2.60101397800655,"A","SOC","30"
"554","PBS","N0",2.06275,0.0263255658375403,30,2.00898602199345,2.11651397800655,"C","SOC","30"
"454","PBS","N1",1.94025,0.0263255658375403,30,1.88648602199345,1.99401397800655,"CD","SOC","30"
"854","PLA","N0",1.78725,0.0263255658375403,30,1.73348602199345,1.84101397800655,"E","SOC","30"
"1026","PLA","N1",1.87525,0.0263255658375403,30,1.82148602199345,1.92901397800655,"DE","SOC","30"
"354","PLA/PHA","N0",1.7805,0.0263255658375403,30,1.72673602199345,1.83426397800655,"E","SOC","30"
"926","PLA/PHA","N1",1.83125,0.0263255658375403,30,1.77748602199345,1.88501397800655,"DE","SOC","30"
"755","NONE","N0",1.02525,0.0321865655204155,30,0.959516263774721,1.09098373622528,"D","SOC","193"
"255","NONE","N1",1.0485,0.0321865655204155,30,0.98276626377472,1.11423373622528,"D","SOC","193"
"655","LDPE","N0",2.6425,0.0321865655204155,30,2.57676626377472,2.70823373622528,"A","SOC","193"
"156","LDPE","N1",2.666,0.0321865655204155,30,2.60026626377472,2.73173373622528,"A","SOC","193"
"1027","PBS","N0",2.049,0.0321865655204155,30,1.98326626377472,2.11473373622528,"B","SOC","193"
"927","PBS","N1",2.02125,0.0321865655204155,30,1.95551626377472,2.08698373622528,"B","SOC","193"
"555","PLA","N0",2.0895,0.0321865655204155,30,2.02376626377472,2.15523373622528,"B","SOC","193"
"855","PLA","N1",1.9885,0.0321865655204155,30,1.92276626377472,2.05423373622528,"B","SOC","193"
"455","PLA/PHA","N0",1.58675,0.0321865655204155,30,1.52101626377472,1.65248373622528,"C","SOC","193"
"355","PLA/PHA","N1",1.59775,0.0321865655204155,30,1.53201626377472,1.66348373622528,"C","SOC","193"
"928","NONE","N0",0.105484043613448,0.00294827359077998,30,0.0995487899972299,0.11159114589341,"AB","TN","5"
"756","NONE","N1",0.114741946568721,0.0030749319150268,30,0.108548022145532,0.121107719655654,"A","TN","5"
"856","LDPE","N0",0.0961053077557709,0.00281415545486469,30,0.0904439599144229,0.101938504260863,"B","TN","5"
"656","LDPE","N1",0.108875416172768,0.00299529299954736,30,0.102844136113112,0.115078544896167,"AB","TN","5"
"1028","PBS","N0",0.108492510453122,0.00299002126309907,30,0.102471996715611,0.114684872854376,"AB","TN","5"
"256","PBS","N1",0.119237092570383,0.00313458525499903,30,0.112921339774043,0.125724694030468,"A","TN","5"
"556","PLA","N0",0.109494831132294,0.00300380133870331,30,0.103446174725931,0.1157153362024,"AB","TN","5"
"157","PLA","N1",0.118488975465516,0.00312473627811516,30,0.112193336963388,0.124956462631387,"A","TN","5"
"456","PLA/PHA","N0",0.110720752813512,0.00302057005369085,30,0.104637850122403,0.116975504168365,"A","TN","5"
"356","PLA/PHA","N1",0.118241092740887,0.00312146604276647,30,0.111952132950338,0.124701901195181,"A","TN","5"
"929","NONE","N0",0.109244979076143,0.00306612076809587,30,0.103072856474065,0.115596564458816,"A","TN","15"
"357","NONE","N1",0.118248543965366,0.00318996864880569,30,0.111823490247743,0.124853060463584,"A","TN","15"
"857","LDPE","N0",0.109768132917608,0.00307345354017695,30,0.10358103479708,0.11613469381873,"A","TN","15"
"557","LDPE","N1",0.112888729392169,0.00311683495896226,30,0.10661303459494,0.119343886969991,"A","TN","15"
"657","PBS","N0",0.109997727225768,0.00307666612482035,30,0.103804068132109,0.116370849100021,"A","TN","15"
"257","PBS","N1",0.11949526616127,0.00320674085107005,30,0.113035959036931,0.126134036066204,"A","TN","15"
"1029","PLA","N0",0.11123180715913,0.00309387676176193,30,0.10500299925569,0.117640077843163,"A","TN","15"
"158","PLA","N1",0.120744399016607,0.00322345796330836,30,0.114250950994394,0.127417309819413,"A","TN","15"
"757","PLA/PHA","N0",0.11148816591123,0.00309743997779739,30,0.105252080949825,0.117903713653229,"A","TN","15"
"457","PLA/PHA","N1",0.11799683530919,0.00318657169166606,30,0.111578719103568,0.124594414295406,"A","TN","15"
"1030","NONE","N0",0.112978933305192,0.00215039353834169,30,0.108629921981893,0.11741330096902,"BC","TN","30"
"458","NONE","N1",0.119980005498265,0.00221601986966966,30,0.115496967326087,0.124548400010972,"ABC","TN","30"
"858","LDPE","N0",0.0992819657558192,0.00201583227875503,30,0.0952077651866599,0.103441522665509,"D","TN","30"
"558","LDPE","N1",0.12299593465703,0.00224369897692153,30,0.118456368206497,0.127620857448093,"AB","TN","30"
"930","PBS","N0",0.111730379473504,0.00213847830297547,30,0.107405702307205,0.116140412980334,"C","TN","30"
"258","PBS","N1",0.124740631053722,0.00225955636715292,30,0.120168679491891,0.129397938956084,"A","TN","30"
"658","PLA","N0",0.116247453908805,0.00218127758315355,30,0.111835368951448,0.120744895206691,"ABC","TN","30"
"358","PLA","N1",0.124248614395328,0.00225509576039454,30,0.119685772607817,0.128896812523368,"A","TN","30"
"758","PLA/PHA","N0",0.111996636610699,0.0021410248185308,30,0.107666758765822,0.116411870796107,"C","TN","30"
"159","PLA/PHA","N1",0.122742472689669,0.00224138595071582,30,0.118207630068847,0.127362671651022,"AB","TN","30"
"931","NONE","N0",0.087,0.00118321595661992,30,0.084583550641939,0.089416449358061,"BCD","TN","193"
"459","NONE","N1",0.09075,0.00118321595661992,30,0.088333550641939,0.093166449358061,"B","TN","193"
"559","LDPE","N0",0.08975,0.00118321595661992,30,0.087333550641939,0.092166449358061,"B","TN","193"
"359","LDPE","N1",0.0985,0.00118321595661992,30,0.096083550641939,0.100916449358061,"A","TN","193"
"759","PBS","N0",0.077,0.00118321595661992,30,0.074583550641939,0.079416449358061,"E","TN","193"
"1031","PBS","N1",0.084,0.00118321595661992,30,0.081583550641939,0.086416449358061,"CD","TN","193"
"659","PLA","N0",0.08225,0.00118321595661992,30,0.079833550641939,0.084666449358061,"DE","TN","193"
"160","PLA","N1",0.08775,0.00118321595661992,30,0.085333550641939,0.090166449358061,"BCD","TN","193"
"259","PLA/PHA","N0",0.0825,0.00118321595661992,30,0.080083550641939,0.084916449358061,"DE","TN","193"
"859","PLA/PHA","N1",0.0885,0.00118321595661992,30,0.086083550641939,0.090916449358061,"BC","TN","193"
"760","NONE","N0",92.6024020141255,10.7292460636375,30,70.6903583014801,114.514445726771,"C","MBC","5"
"260","NONE","N1",96.9197717298497,10.7292460636375,30,75.0077280172043,118.831815442495,"C","MBC","5"
"660","LDPE","N0",108.055717852607,10.7292460636375,30,86.1436741399617,129.967761565252,"BC","MBC","5"
"161","LDPE","N1",126.870772701834,10.7292460636375,30,104.958728989189,148.782816414479,"BC","MBC","5"
"860","PBS","N0",104.040320672783,10.7292460636375,30,82.128276960138,125.952364385429,"C","MBC","5"
"360","PBS","N1",98.1342399448588,10.7292460636375,30,76.2221962322134,120.046283657504,"C","MBC","5"
"560","PLA","N0",82.9049913404915,10.7292460636375,30,60.9929476278461,104.817035053137,"C","MBC","5"
"1032","PLA","N1",80.421356332215,10.7292460636375,30,58.5093126195696,102.33340004486,"C","MBC","5"
"460","PLA/PHA","N0",156.962776869558,10.7292460636375,30,135.050733156913,178.874820582204,"B","MBC","5"
"932","PLA/PHA","N1",356.118240054898,10.7292460636375,30,334.206196342253,378.030283767543,"A","MBC","5"
"361","NONE","N0",62.5261253851629,6.57329150287424,30,49.8222356677671,76.6711400348852,"C","MBC","15"
"461","NONE","N1",64.6930287969225,6.68622328678791,30,51.7585016077988,79.0686809183726,"C","MBC","15"
"861","LDPE","N0",68.159579352492,6.86302505433553,30,54.8639747832805,82.89630885403,"C","MBC","15"
"561","LDPE","N1",60.010952505721,6.43972606490653,30,47.5798398034005,73.8831901403681,"C","MBC","15"
"162","PBS","N0",85.0524027151251,7.6664697609315,30,70.1159451514716,101.429985211105,"C","MBC","15"
"261","PBS","N1",66.9628140562336,6.80250675476466,30,53.7908043433379,81.5759487014559,"C","MBC","15"
"661","PLA","N0",70.0178018587481,6.95594868956325,30,56.5324219087716,84.944306741051,"C","MBC","15"
"1033","PLA","N1",56.3269461314493,6.23893177495763,30,44.305910076874,69.7891071183511,"C","MBC","15"
"761","PLA/PHA","N0",180.79302425441,11.1774559852456,30,158.686176230387,204.34099721076,"B","MBC","15"
"933","PLA/PHA","N1",416.56423680791,16.9665337168648,30,382.634514785214,451.935083762933,"A","MBC","15"
"862","NONE","N0",127.161947214246,8.56805447597979,30,110.265615261991,145.262218582756,"CDE","MBC","30"
"262","NONE","N1",98.1176766715903,7.52622612093306,30,83.3490420730409,114.090250686394,"DE","MBC","30"
"662","LDPE","N0",134.195915616924,8.80183622104323,30,116.82213764594,152.773633004162,"CD","MBC","30"
"462","LDPE","N1",155.173278344268,9.46481439958597,30,136.445518300118,175.104977804673,"C","MBC","30"
"1034","PBS","N0",90.9694939330881,7.24688757064371,30,76.7713447617777,106.371582520653,"E","MBC","30"
"163","PBS","N1",100.592449522503,7.62055016242292,30,85.6311795320523,116.757658929209,"DE","MBC","30"
"762","PLA","N0",93.6005709363014,7.35094008885108,30,79.1899181730474,109.21516311581,"E","MBC","30"
"562","PLA","N1",92.96218051318,7.32582913751988,30,78.6028111541812,108.525489288433,"E","MBC","30"
"934","PLA/PHA","N0",242.077883933531,11.8217342289453,30,218.536651440169,266.823055843146,"B","MBC","30"
"362","PLA/PHA","N1",330.685114464781,13.8169109082265,30,303.069187593869,359.504980751947,"A","MBC","30"
"1035","NONE","N0",300.042,10.2856500209325,30,279.035900267095,321.048099732905,"BC","MBC","193"
"363","NONE","N1",328.693193333333,10.2856500209325,30,307.687093600428,349.699293066238,"AB","MBC","193"
"935","LDPE","N0",318.220163333333,10.2856500209325,30,297.214063600428,339.226263066238,"AB","MBC","193"
"563","LDPE","N1",349.777503333333,10.2856500209325,30,328.771403600428,370.783603066238,"A","MBC","193"
"663","PBS","N0",313.893333333333,10.2856500209325,30,292.887233600428,334.899433066238,"AB","MBC","193"
"463","PBS","N1",352.854553333333,10.2856500209325,30,331.848453600428,373.860653066238,"A","MBC","193"
"863","PLA","N0",255.355123333333,10.2856500209325,30,234.349023600428,276.361223066238,"C","MBC","193"
"263","PLA","N1",322.276023333333,10.2856500209325,30,301.269923600428,343.282123066238,"AB","MBC","193"
"763","PLA/PHA","N0",298.893603333333,10.2856500209325,30,277.887503600428,319.899703066238,"BC","MBC","193"
"164","PLA/PHA","N1",336.793063333333,10.2856500209325,30,315.786963600428,357.799163066238,"AB","MBC","193"
"364","NONE","N0",60.4166742943611,1.52462148255651,30,57.3430994046458,63.5704843248664,"BCD","DOC","5"
"264","NONE","N1",63.3864291924898,1.56164304254441,30,60.2372461905219,66.6158473352477,"BC","DOC","5"
"664","LDPE","N0",62.7438486169093,1.55370729295236,30,59.6108725777534,65.9570597968553,"BCD","DOC","5"
"564","LDPE","N1",62.6844390228392,1.55297154768049,30,59.5529655759868,65.8961476104815,"BCD","DOC","5"
"165","PBS","N0",66.8739385543568,1.60402849128776,30,63.6381929178724,70.1899193316313,"B","DOC","5"
"464","PBS","N1",67.6250854229145,1.61301178537022,30,64.3709934523586,70.9594125342604,"B","DOC","5"
"864","PLA","N0",59.3401485878145,1.51097730733006,30,56.2944388213532,62.466093495066,"CD","DOC","5"
"1036","PLA","N1",55.6259339602262,1.46292575275373,30,52.6783585601585,58.653744501084,"D","DOC","5"
"764","PLA/PHA","N0",65.9207985483971,1.59255652947011,30,62.7084817835526,69.2133504540316,"BC","DOC","5"
"936","PLA/PHA","N1",76.7906517729559,1.71884930969756,30,73.3204107416232,80.3411279450786,"A","DOC","5"
"465","NONE","N0",55.9540670432417,2.35261231372927,30,51.2525339267053,60.8618845840741,"A","DOC","15"
"765","NONE","N1",58.1276224779474,2.39787100550242,30,53.3336587817944,63.1278705983963,"A","DOC","15"
"865","LDPE","N0",51.8803751408303,2.26535406635984,30,47.3570471394815,56.609987566475,"A","DOC","15"
"665","LDPE","N1",53.1806863887577,2.29356739201989,30,48.5997390895128,57.9679181122986,"A","DOC","15"
"565","PBS","N0",57.641846840946,2.38783041620268,30,52.8683887637649,62.621589342423,"A","DOC","15"
"265","PBS","N1",61.960602922819,2.4756677197671,30,57.0077571399326,67.1197331300015,"A","DOC","15"
"166","PLA","N0",55.0300625508594,2.33310637103258,30,50.3683658838266,59.8980436421881,"A","DOC","15"
"1037","PLA","N1",53.0456415419589,2.29065344562399,30,48.4706453151775,57.8269221930363,"A","DOC","15"
"365","PLA/PHA","N0",53.9599495152281,2.31031024359103,30,49.3448087513796,58.7813747033727,"A","DOC","15"
"937","PLA/PHA","N1",61.6623649430546,2.46970240698075,30,56.721701954165,66.8093123562403,"A","DOC","15"
"938","NONE","N0",72.7491681934724,1.81332810931342,30,69.0458581415848,76.45247824536,"CD","DOC","30"
"866","NONE","N1",73.9883552527971,1.81332810931342,30,70.2850452009095,77.6916653046847,"BCD","DOC","30"
"1038","LDPE","N0",69.1486746105465,1.81332810931342,30,65.445364558659,72.8519846624341,"D","DOC","30"
"566","LDPE","N1",71.6788410849538,1.81332810931342,30,67.9755310330662,75.3821511368414,"CD","DOC","30"
"466","PBS","N0",73.1693001155906,1.81332810931342,30,69.465990063703,76.8726101674782,"CD","DOC","30"
"666","PBS","N1",76.7004843368577,1.81332810931342,30,72.9971742849701,80.4037943887453,"ABCD","DOC","30"
"366","PLA","N0",76.7205379871671,1.81332810931342,30,73.0172279352795,80.4238480390547,"ABCD","DOC","30"
"167","PLA","N1",79.6359777131859,1.81332810931342,30,75.9326676612983,83.3392877650735,"ABC","DOC","30"
"766","PLA/PHA","N0",82.4513682600128,1.81332810931342,30,78.7480582081252,86.1546783119004,"AB","DOC","30"
"266","PLA/PHA","N1",83.1807812717421,1.81332810931342,30,79.4774712198545,86.8840913236297,"A","DOC","30"
"939","NONE","N0",46.4613200136173,1.16304988682354,30,44.1164132193444,48.8669427176724,"ABC","DOC","193"
"567","NONE","N1",51.5869652490882,1.22552608964751,30,49.1144650266136,54.120181381345,"A","DOC","193"
"867","LDPE","N0",45.5137139273005,1.1511282414455,30,43.1931543810169,47.8949893833662,"BC","DOC","193"
"1039","LDPE","N1",47.1992411419515,1.17224956236692,30,44.8355461037095,49.6236520899757,"ABC","DOC","193"
"467","PBS","N0",48.4991460775712,1.18828227002584,30,46.1027078820775,50.9563001828472,"ABC","DOC","193"
"267","PBS","N1",50.741368105314,1.21544037126402,30,48.289465667696,53.2539864527141,"AB","DOC","193"
"367","PLA","N0",46.9232454136346,1.1688171954723,30,44.5665602037613,49.34064653329,"ABC","DOC","193"
"168","PLA","N1",49.7707268482813,1.20375904321005,30,47.342680865201,52.2594887411438,"AB","DOC","193"
"667","PLA/PHA","N0",43.751727668212,1.12862632198797,30,41.4771231722506,46.0870480739558,"C","DOC","193"
"767","PLA/PHA","N1",47.3547622469389,1.17417925035185,30,44.9871262600759,49.783114143584,"ABC","DOC","193"
"868","NONE","N0",146.857375589899,16.3884834507624,30,113.387627237858,180.327123941939,"A","cacq","5"
"940","NONE","N1",137.718705424119,16.3884834507624,30,104.248957072079,171.18845377616,"A","cacq","5"
"1040","LDPE","N0",150.173637480416,16.3884834507624,30,116.703889128375,183.643385832457,"A","cacq","5"
"368","LDPE","N1",134.509525283718,16.3884834507624,30,101.039776931677,167.979273635758,"A","cacq","5"
"768","PBS","N0",148.385516111587,16.3884834507624,30,114.915767759547,181.855264463628,"A","cacq","5"
"169","PBS","N1",141.504829663271,16.3884834507624,30,108.035081311231,174.974578015312,"A","cacq","5"
"568","PLA","N0",156.256826978157,16.3884834507624,30,122.787078626116,189.726575330197,"A","cacq","5"
"668","PLA","N1",146.972924644064,16.3884834507624,30,113.503176292023,180.442672996105,"A","cacq","5"
"468","PLA/PHA","N0",104.383406088126,16.3884834507624,30,70.9136577360855,137.853154440167,"A","cacq","5"
"268","PLA/PHA","N1",104.468662295819,16.3884834507624,30,70.9989139437787,137.93841064786,"A","cacq","5"
"941","NONE","N0",151.35697591448,8.56215279543851,30,133.870727093714,168.843224735247,"BCD","cacq","15"
"369","NONE","N1",112.002705503814,8.56215279543851,30,94.5164566830472,129.488954324581,"D","cacq","15"
"869","LDPE","N0",155.142926402939,8.56215279543851,30,137.656677582173,172.629175223706,"ABC","cacq","15"
"469","LDPE","N1",117.224856630731,8.56215279543851,30,99.7386078099645,134.711105451498,"CD","cacq","15"
"669","PBS","N0",161.362704656219,8.56215279543851,30,143.876455835453,178.848953476986,"AB","cacq","15"
"269","PBS","N1",116.449657226762,8.56215279543852,30,98.9634084059951,133.935906047529,"CD","cacq","15"
"769","PLA","N0",154.909945702253,8.56215279543851,30,137.423696881486,172.39619452302,"ABC","cacq","15"
"170","PLA","N1",124.465747550957,8.56215279543851,30,106.97949873019,141.951996371724,"BCD","cacq","15"
"1041","PLA/PHA","N0",110.694747631205,8.56215279543851,30,93.208498810438,128.180996451971,"D","cacq","15"
"569","PLA/PHA","N1",192.850716636788,8.56215279543851,30,175.364467816021,210.336965457554,"A","cacq","15"
"870","NONE","N0",125.593418734593,8.16970744712975,30,109.462782578672,142.832319569296,"BC","cacq","30"
"270","NONE","N1",136.871150649827,8.52862507525858,30,120.007506907898,154.843059070539,"ABC","cacq","30"
"670","LDPE","N0",121.568244734217,8.03772488059265,30,105.707152938647,138.53760120857,"C","cacq","30"
"942","LDPE","N1",127.302257819579,8.22509867737323,30,111.058497679811,144.65428263813,"ABC","cacq","30"
"570","PBS","N0",113.894743502189,7.77991593341392,30,98.5601678184302,130.337583864731,"C","cacq","30"
"171","PBS","N1",133.116838379442,8.41084366920856,30,116.493736358953,150.848205078714,"ABC","cacq","30"
"1042","PLA","N0",118.711267978667,7.94271602717846,30,103.044210147529,135.486590488587,"C","cacq","30"
"770","PLA","N1",131.356770147993,8.35505464003359,30,114.847604525151,148.974200449616,"ABC","cacq","30"
"370","PLA/PHA","N0",169.843982695088,9.50053683943904,30,150.995430327218,189.800799741741,"A","cacq","30"
"470","PLA/PHA","N1",164.161827511011,9.34026402675056,30,145.640595893989,183.791323806816,"AB","cacq","30"
"571","NONE","N0",121.711199217652,3.77441207641097,30,114.002821395267,129.419577040037,"A","cacq","193"
"371","NONE","N1",114.727108242884,3.77441207641097,30,107.018730420499,122.435486065269,"A","cacq","193"
"771","LDPE","N0",118.12950772597,3.77441207641097,30,110.421129903585,125.837885548355,"A","cacq","193"
"271","LDPE","N1",109.311298258119,3.77441207641097,30,101.602920435734,117.019676080504,"A","cacq","193"
"671","PBS","N0",114.892540647074,3.77441207641097,30,107.184162824689,122.600918469459,"A","cacq","193"
"1043","PBS","N1",111.352490531333,3.77441207641098,30,103.644112708948,119.060868353718,"A","cacq","193"
"943","PLA","N0",122.560559437492,3.77441207641097,30,114.852181615107,130.268937259877,"A","cacq","193"
"471","PLA","N1",106.820393813497,3.77441207641098,30,99.1120159911123,114.528771635882,"A","cacq","193"
"172","PLA/PHA","N0",108.053246071369,3.77441207641097,30,100.344868248984,115.761623893754,"A","cacq","193"
"871","PLA/PHA","N1",115.513476501906,3.77441207641098,30,107.805098679521,123.221854324291,"A","cacq","193"
"472","NONE","N0",38.2381535591027,3.42503607754139,30,31.563186784659,45.5529004706607,"B","LAP","5"
"572","NONE","N1",26.3939984169263,2.84557008917013,30,20.9024590698966,32.5253179010702,"B","LAP","5"
"772","LDPE","N0",39.2859609416413,3.4716456007999,30,32.5158048216454,46.6958971987514,"B","LAP","5"
"272","LDPE","N1",28.7763890419286,2.97122022176156,30,23.0282378899769,35.1643203309946,"B","LAP","5"
"944","PBS","N0",38.3306325377058,3.42917530144016,30,31.6472123403031,45.6538328722226,"B","LAP","5"
"1044","PBS","N1",27.7436662498347,2.91741774166427,30,22.1053944210663,34.0217182157173,"B","LAP","5"
"173","PLA","N0",38.2871799114535,3.42723104802852,30,31.6077304092415,45.6064095507797,"B","LAP","5"
"372","PLA","N1",29.8199065115737,3.02461312775587,30,23.9627124983479,36.3168806619138,"B","LAP","5"
"672","PLA/PHA","N0",133.976957999042,6.41108818067204,30,121.203659261294,147.390036873904,"A","LAP","5"
"872","PLA/PHA","N1",118.989453713332,6.04186377879478,30,106.970211801732,131.648475762046,"A","LAP","5"
"273","NONE","N0",37.4283544987106,2.41830427244915,30,32.6524435890234,42.5301160021803,"CD","LAP","15"
"1045","NONE","N1",28.2877892166424,2.10237449699484,30,24.1570929854908,32.7443360415763,"D","LAP","15"
"174","LDPE","N0",37.4500061826321,2.41900364582828,30,32.672666961956,42.5531959970907,"CD","LAP","15"
"573","LDPE","N1",29.4859895629684,2.14643840236952,30,25.2653028315532,34.0325268881662,"CD","LAP","15"
"945","PBS","N0",38.8001945985726,2.46222381710853,30,33.9345880125342,43.9916517783935,"CD","LAP","15"
"473","PBS","N1",30.0713770888693,2.1676403883607,30,25.8073901254453,34.6612146460757,"CD","LAP","15"
"873","PLA","N0",39.7037554237402,2.49072838152568,30,34.7799347509138,44.9534266903491,"C","LAP","15"
"373","PLA","N1",31.3683962789747,2.21389354468113,30,27.0099477683806,36.0526953833514,"CD","LAP","15"
"773","PLA/PHA","N0",133.830406602446,4.5728607295301,30,124.654304384917,143.332359413758,"B","LAP","15"
"673","PLA/PHA","N1",217.339099512163,5.8274627713552,30,205.600758100994,229.403291517113,"A","LAP","15"
"946","NONE","N0",39.4754034897546,2.52508248328277,30,34.4869164120166,44.8007292230108,"BC","LAP","30"
"274","NONE","N1",29.5189881747365,2.18354936024137,30,25.2280047871005,34.1468102178908,"CDE","LAP","30"
"674","LDPE","N0",41.7465700656195,2.59670539308081,30,36.6118094919608,47.2181692947964,"B","LAP","30"
"1046","LDPE","N1",23.8340844964318,1.96205653758418,30,19.9954497997769,28.0095578486048,"E","LAP","30"
"474","PBS","N0",36.9399155978612,2.44264430257853,30,32.119789745923,42.0968801053176,"BCD","LAP","30"
"574","PBS","N1",27.6503818399788,2.11330824215746,30,23.5028499531053,32.1347523823705,"DE","LAP","30"
"374","PLA","N0",38.4030511270493,2.49054931487873,30,33.4850901879717,43.6578507216452,"BCD","LAP","30"
"175","PLA","N1",29.8580261148003,2.19605304958993,30,25.5415067868056,34.5113840983133,"CDE","LAP","30"
"874","PLA/PHA","N0",205.901636337811,5.76689679518907,30,194.292481182424,217.847630148717,"A","LAP","30"
"774","PLA/PHA","N1",216.323547448926,5.91104381340181,30,204.420004808585,228.563928744785,"A","LAP","30"
"475","NONE","N0",25.047126284914,2.48627342205827,30,19.9694785562106,30.1247740136174,"B","LAP","193"
"575","NONE","N1",23.5444422907473,2.48627342205827,30,18.4667945620439,28.6220900194507,"B","LAP","193"
"875","LDPE","N0",27.19254496603,2.48627342205827,30,22.1148972373265,32.2701926947334,"B","LAP","193"
"1047","LDPE","N1",23.9292725961107,2.48627342205827,30,18.8516248674073,29.0069203248142,"B","LAP","193"
"947","PBS","N0",27.2529186959134,2.48627342205827,30,22.17527096721,32.3305664246169,"B","LAP","193"
"275","PBS","N1",24.5617195853013,2.48627342205827,30,19.4840718565978,29.6393673140047,"B","LAP","193"
"176","PLA","N0",27.0830175258036,2.48627342205827,30,22.0053697971002,32.160665254507,"B","LAP","193"
"375","PLA","N1",24.1915069267925,2.48627342205827,30,19.1138591980891,29.2691546554959,"B","LAP","193"
"675","PLA/PHA","N0",201.815965878376,2.48627342205827,30,196.738318149673,206.89361360708,"A","LAP","193"
"775","PLA/PHA","N1",201.067334471028,2.48627342205827,30,195.989686742324,206.144982199731,"A","LAP","193"
"1048","NONE","N0",1.62461492750006,0.538381147596003,30,0.525093938772888,2.72413591622723,"C","Ammonium","5"
"276","NONE","N1",17.0666965458916,0.538381147596003,30,15.9671755571644,18.1662175346187,"A","Ammonium","5"
"676","LDPE","N0",0.598845016074909,0.538381147596003,30,-0.500675972652259,1.69836600480208,"C","Ammonium","5"
"376","LDPE","N1",16.6476410408194,0.538381147596003,30,15.5481200520922,17.7471620295465,"A","Ammonium","5"
"776","PBS","N0",0.913667627067809,0.538381147596003,30,-0.18585336165936,2.01318861579498,"C","Ammonium","5"
"476","PBS","N1",13.9744536572648,0.538381147596003,30,12.8749326685376,15.073974645992,"B","Ammonium","5"
"876","PLA","N0",1.04947601159956,0.538381147596003,30,-0.0500449771276088,2.14899700032673,"C","Ammonium","5"
"576","PLA","N1",16.7490090506785,0.538381147596003,30,15.6494880619513,17.8485300394057,"A","Ammonium","5"
"948","PLA/PHA","N0",0.763199817177358,0.538381147596003,30,-0.33632117154981,1.86272080590453,"C","Ammonium","5"
"177","PLA/PHA","N1",2.50796779738773,0.538381147596003,30,1.40844680866056,3.6074887861149,"C","Ammonium","5"
"877","NONE","N0",0.627795460834144,0.196674810381404,30,0.226131912743933,1.02945900892436,"CD","Ammonium","15"
"1049","NONE","N1",2.29755264342399,0.196674810381404,30,1.89588909533378,2.6992161915142,"A","Ammonium","15"
"477","LDPE","N0",1.0655898132936,0.196674810381404,30,0.663926265203392,1.46725336138381,"CD","Ammonium","15"
"577","LDPE","N1",2.07387471459607,0.196674810381404,30,1.67221116650586,2.47553826268628,"AB","Ammonium","15"
"949","PBS","N0",0.36882779492461,0.196674810381404,30,-0.0328357531656009,0.770491343014821,"CD","Ammonium","15"
"178","PBS","N1",1.19977554738693,0.196674810381405,30,0.79811199929672,1.60143909547714,"BC","Ammonium","15"
"277","PLA","N0",0.93731736175847,0.196674810381404,30,0.535653813668259,1.33898090984868,"CD","Ammonium","15"
"377","PLA","N1",2.22211398958256,0.196674810381404,30,1.82045044149235,2.62377753767277,"A","Ammonium","15"
"777","PLA/PHA","N0",0.413340186574329,0.196674810381404,30,0.0116766384841178,0.81500373466454,"CD","Ammonium","15"
"677","PLA/PHA","N1",0.13224460506604,0.196674810381404,30,-0.269418943024171,0.533908153156251,"D","Ammonium","15"
"878","NONE","N0",0.861101628463917,0.232133925295927,30,0.387020906658956,1.33518235026888,"A","Ammonium","30"
"378","NONE","N1",0.708080883129841,0.232133925295927,30,0.234000161324879,1.1821616049348,"A","Ammonium","30"
"1050","LDPE","N0",0.813575122196202,0.232133925295927,30,0.339494400391241,1.28765584400116,"A","Ammonium","30"
"578","LDPE","N1",0.352207513066763,0.232133925295927,30,-0.121873208738199,0.826288234871724,"A","Ammonium","30"
"678","PBS","N0",0.756343308878813,0.232133925295927,30,0.282262587073852,1.23042403068377,"A","Ammonium","30"
"179","PBS","N1",0.496455039968054,0.232133925295927,30,0.0223743181630919,0.970535761773015,"A","Ammonium","30"
"950","PLA","N0",1.23829931113364,0.232133925295927,30,0.76421858932868,1.7123800329386,"A","Ammonium","30"
"478","PLA","N1",0.286682424399964,0.232133925295927,30,-0.187398297404997,0.760763146204926,"A","Ammonium","30"
"778","PLA/PHA","N0",1.00832546664718,0.232133925295927,30,0.534244744842216,1.48240618845214,"A","Ammonium","30"
"278","PLA/PHA","N1",0.583156015682206,0.232133925295927,30,0.109075293877244,1.05723673748717,"A","Ammonium","30"
"951","NONE","N0",0.8053077240782,0.131046889360891,30,0.537674271452496,1.0729411767039,"AB","Ammonium","193"
"579","NONE","N1",0.777078693581974,0.131046889360891,30,0.50944524095627,1.04471214620768,"AB","Ammonium","193"
"1051","LDPE","N0",0.59350837753789,0.131046889360891,30,0.325874924912186,0.861141830163594,"B","Ammonium","193"
"879","LDPE","N1",0.897023880791175,0.131046889360891,30,0.629390428165471,1.16465733341688,"AB","Ammonium","193"
"479","PBS","N0",0.855359295648994,0.131046889360891,30,0.58772584302329,1.1229927482747,"AB","Ammonium","193"
"779","PBS","N1",0.805470049138749,0.131046889360891,30,0.537836596513044,1.07310350176445,"AB","Ammonium","193"
"379","PLA","N0",0.834740461733421,0.131046889360891,30,0.567107009107717,1.10237391435913,"AB","Ammonium","193"
"180","PLA","N1",0.970661582941122,0.131046889360891,30,0.703028130315418,1.23829503556683,"AB","Ammonium","193"
"679","PLA/PHA","N0",1.07014287991573,0.131046889360891,30,0.802509427290025,1.33777633254143,"AB","Ammonium","193"
"279","PLA/PHA","N1",1.23814989502861,0.131046889360891,30,0.970516442402902,1.50578334765431,"A","Ammonium","193"
"780","NONE","N0",11.1678695301132,1.16823788355518,30,8.90943593516227,13.6811560391471,"C","Nitrate","5"
"580","NONE","N1",64.3302602894641,2.80384352987374,30,58.731474333666,70.1838991593452,"A","Nitrate","5"
"880","LDPE","N0",11.3963036119589,1.18012531086356,30,9.11359265163975,13.9338674863609,"C","Nitrate","5"
"181","LDPE","N1",62.520731687334,2.76412797013966,30,57.0030557252673,68.2932605634835,"A","Nitrate","5"
"952","PBS","N0",5.8585089748127,0.84613501863519,30,4.25789718898355,7.71397367472472,"D","Nitrate","5"
"280","PBS","N1",57.5017978617395,2.65086024107822,30,52.2154454629228,63.043003174639,"A","Nitrate","5"
"1052","PLA","N0",11.8558240799036,1.2036826285,30,9.52500265863116,14.4414984152588,"C","Nitrate","5"
"380","PLA","N1",62.9570629873781,2.77375660477985,30,57.419722729994,68.7492561588451,"A","Nitrate","5"
"680","PLA/PHA","N0",0.785231553775812,0.309774019554705,30,0.280015063002949,1.54530095863154,"E","Nitrate","5"
"480","PLA/PHA","N1",32.6837025552775,1.998534935321,30,28.7295761609571,36.8926818636807,"B","Nitrate","5"
"1053","NONE","N0",17.9520031344358,1.47418433277834,30,14.9413170760918,20.9626891927798,"D","Nitrate","15"
"581","NONE","N1",89.8689200756149,1.47418433277834,30,86.8582340172709,92.8796061339589,"A","Nitrate","15"
"781","LDPE","N0",15.4498456899708,1.47418433277834,30,12.4391596316267,18.4605317483148,"DE","Nitrate","15"
"281","LDPE","N1",83.9113935217792,1.47418433277834,30,80.9007074634352,86.9220795801232,"AB","Nitrate","15"
"953","PBS","N0",9.25364418813762,1.47418433277834,30,6.2429581297936,12.2643302464816,"E","Nitrate","15"
"481","PBS","N1",81.698625876382,1.47418433277834,30,78.687939818038,84.709311934726,"B","Nitrate","15"
"881","PLA","N0",16.3590929983853,1.47418433277834,30,13.3484069400413,19.3697790567293,"DE","Nitrate","15"
"381","PLA","N1",84.7230217385375,1.47418433277834,30,81.7123356801935,87.7337077968815,"AB","Nitrate","15"
"681","PLA/PHA","N0",0.490660754313549,1.47418433277834,30,-2.52002530403047,3.50134681265757,"F","Nitrate","15"
"182","PLA/PHA","N1",32.5431002413177,1.47418433277834,30,29.5324141829737,35.5537862996617,"C","Nitrate","15"
"1054","NONE","N0",27.0116662020888,1.31211525370446,30,24.3984293027818,29.7578229870484,"C","Nitrate","30"
"382","NONE","N1",96.8540225271263,2.48459226257239,30,91.8462681269619,101.994696812943,"A","Nitrate","30"
"782","LDPE","N0",24.4871771542604,1.24929688979403,30,22.0022324693176,27.1050417248559,"C","Nitrate","30"
"282","LDPE","N1",94.2034287777084,2.45035863449536,30,89.265588773245,99.2741886678245,"A","Nitrate","30"
"682","PBS","N0",18.6349944886487,1.08983545261632,30,16.4757135046961,20.9271953582539,"D","Nitrate","30"
"482","PBS","N1",87.3980034667868,2.36019047314192,30,82.6443114146908,92.2846154045354,"A","Nitrate","30"
"882","PLA","N0",26.7246715568056,1.30512613190312,30,24.1257083484473,29.4565546508167,"C","Nitrate","30"
"582","PLA","N1",98.4182016571418,2.50457481832004,30,93.3696374337675,103.599685766169,"A","Nitrate","30"
"954","PLA/PHA","N0",0.259112331465807,0.128511010410506,30,0.0631177773993225,0.58802677118496,"E","Nitrate","30"
"183","PLA/PHA","N1",35.2982696528453,1.49993695549667,30,32.3014496652724,38.4280095260708,"B","Nitrate","30"
"683","NONE","N0",98.5351245783211,6.7009029001836,30,85.3252185172079,112.695357367996,"B","Nitrate","193"
"184","NONE","N1",153.823015052505,8.37237070866103,30,137.199516324544,171.396840509027,"A","Nitrate","193"
"955","LDPE","N0",97.8534962044325,6.67768553426109,30,84.6910063302507,111.966312807176,"B","Nitrate","193"
"583","LDPE","N1",169.871184921107,8.79827734360606,30,152.377868803642,188.314827767133,"A","Nitrate","193"
"883","PBS","N0",97.8845606317905,6.67874539427927,30,84.719906234686,111.999541757457,"B","Nitrate","193"
"383","PBS","N1",157.506977326197,8.47203396825877,30,140.679939068255,175.284342312702,"A","Nitrate","193"
"1055","PLA","N0",96.8405172189166,6.64303193103042,30,83.7487994441243,110.88256172227,"B","Nitrate","193"
"283","PLA","N1",157.807709910344,8.48011805988531,30,140.964161734738,175.601584814511,"A","Nitrate","193"
"783","PLA/PHA","N0",96.1654873449438,6.61983871148026,30,83.1211364436118,110.160164974837,"B","Nitrate","193"
"483","PLA/PHA","N1",159.629013423017,8.52891339674233,30,142.685811874952,177.522541699643,"A","Nitrate","193"
"484","NONE","N0",6.11499488960802,0.0142252177325441,30,6.08597762481077,6.1440811655309,"D","pH","5"
"1056","NONE","N1",5.50992544225084,0.0135031077867057,30,5.4823829227064,5.53753697292091,"E","pH","5"
"956","LDPE","N0",6.13499898125493,0.0142484663386828,30,6.10593423646971,6.16413273716577,"CD","pH","5"
"584","LDPE","N1",5.47749914383544,0.0134633157865365,30,5.45003789039692,5.50502940839958,"E","pH","5"
"884","PBS","N0",6.31499109262402,0.0144559702043109,30,6.28550256840946,6.34454862796421,"B","pH","5"
"384","PBS","N1",5.49749687473898,0.0134878699187525,30,5.46998547507255,5.52507728553104,"E","pH","5"
"185","PLA","N0",6.10999795417195,0.0142194043980071,30,6.0809925617877,6.13907235768182,"D","pH","5"
"284","PLA","N1",5.51747423993745,0.0135123544944037,30,5.48991283609656,5.54510465490396,"E","pH","5"
"784","PLA/PHA","N0",6.9224704394627,0.015135313751205,30,6.89159451063395,6.95341537941707,"A","pH","5"
"684","PLA/PHA","N1",6.18990275284101,0.0143120810263376,30,6.16070808953138,6.21916642727626,"C","pH","5"
"485","NONE","N0",6.06435650489042,0.0401279175687968,30,5.98268123410419,6.14658551566315,"C","pH","15"
"285","NONE","N1",5.69721497495463,0.0388942645771954,30,5.61805915969379,5.77692453020199,"D","pH","15"
"685","LDPE","N0",6.12248288138951,0.0403197703964946,30,6.04041579485761,6.20510370790791,"C","pH","15"
"1057","LDPE","N1",5.54973457943956,0.0383875475268953,30,5.47161361845368,5.62840928041194,"DE","pH","15"
"957","PBS","N0",6.21964345794974,0.0406384378548768,30,6.13692556564486,6.30291509024111,"C","pH","15"
"585","PBS","N1",5.43997702188412,0.0380060550621712,30,5.36263517245123,5.51787261130351,"E","pH","15"
"186","PLA","N0",6.08748484955724,0.0402043650119374,30,6.00565345226352,6.16986998683745,"C","pH","15"
"385","PLA","N1",5.64722922736719,0.0387232650550291,30,5.56842263972051,5.72658955500038,"D","pH","15"
"885","PLA/PHA","N0",7.04494574660002,0.0432506946480012,30,6.95689291419777,7.13355231898878,"A","pH","15"
"785","PLA/PHA","N1",6.47243930423589,0.0414560819188659,30,6.38805155998008,6.55738078847821,"B","pH","15"
"286","NONE","N0",6.02748469867596,0.0233701847900332,30,5.97985089738761,6.07530746677832,"E","pH","30"
"486","NONE","N1",5.68234510192629,0.0226912223301626,30,5.63609792696859,5.72878124369799,"F","pH","30"
"187","LDPE","N0",6.09249717795903,0.0234958822192469,30,6.04460666827316,6.1405766544589,"DE","pH","30"
"1058","LDPE","N1",5.54497635422294,0.0224152680859615,30,5.49929275301738,5.59084892224251,"G","pH","30"
"958","PBS","N0",6.15499695616683,0.023616090769678,30,6.10686094786941,6.20332193127825,"CD","pH","30"
"586","PBS","N1",5.50749007611697,0.022339371465956,30,5.46196147648797,5.55320764255997,"G","pH","30"
"686","PLA","N0",6.22994998339357,0.0237594491816277,30,6.18152119816004,6.2785677354411,"C","pH","30"
"386","PLA","N1",5.69494410085495,0.0227163640971487,30,5.64864557955904,5.74143158896487,"F","pH","30"
"886","PLA/PHA","N0",7.20229935886807,0.0255463979081735,30,7.1502211374695,7.25456654708065,"A","pH","30"
"786","PLA/PHA","N1",6.56483659796603,0.0243896769805259,30,6.51512071585762,6.61474144688845,"B","pH","30"
"887","NONE","N0",5.9275,0.0140534693225552,30,5.89879898668707,5.95620101331293,"C","pH","193"
"587","NONE","N1",5.2375,0.0140534693225552,30,5.20879898668707,5.26620101331293,"F","pH","193"
"959","LDPE","N0",5.815,0.0140534693225552,30,5.78629898668707,5.84370101331293,"D","pH","193"
"1059","LDPE","N1",5.265,0.0140534693225552,30,5.23629898668707,5.29370101331293,"F","pH","193"
"487","PBS","N0",5.75,0.0140534693225552,30,5.72129898668707,5.77870101331293,"DE","pH","193"
"188","PBS","N1",5.3025,0.0140534693225552,30,5.27379898668707,5.33120101331293,"F","pH","193"
"387","PLA","N0",5.72,0.0140534693225552,30,5.69129898668707,5.74870101331293,"E","pH","193"
"287","PLA","N1",5.3025,0.0140534693225552,30,5.27379898668707,5.33120101331293,"F","pH","193"
"687","PLA/PHA","N0",6.435,0.0140534693225552,30,6.40629898668707,6.46370101331293,"A","pH","193"
"787","PLA/PHA","N1",6.355,0.0140534693225552,30,6.32629898668707,6.38370101331293,"B","pH","193"
"788","LDPE","N0",1.53766674019295,0.0655058811389988,24,1.40246924633199,1.6728642340539,"B","SOC_std","5"
"288","LDPE","N1",1.51241626710937,0.0655058811389988,24,1.37721877324842,1.64761376097033,"B","SOC_std","5"
"588","PBS","N0",2.19904648390942,0.0655058811389988,24,2.06384899004846,2.33424397777037,"A","SOC_std","5"
"488","PBS","N1",1.95277115613826,0.0655058811389988,24,1.8175736622773,2.08796864999922,"A","SOC_std","5"
"888","PLA","N0",2.09170113702216,0.0655058811389988,24,1.95650364316121,2.22689863088312,"A","SOC_std","5"
"189","PLA","N1",2.11618008512679,0.0655058811389987,24,1.98098259126584,2.25137757898775,"A","SOC_std","5"
"688","PLA/PHA","N0",2.09694450526554,0.0655058811389988,24,1.96174701140458,2.23214199912649,"A","SOC_std","5"
"388","PLA/PHA","N1",2.08317147074819,0.0655058811389988,24,1.94797397688724,2.21836896460915,"A","SOC_std","5"
"389","LDPE","N0",1.57684850877091,0.0386270891558531,24,1.49712611502227,1.65657090251955,"C","SOC_std","15"
"789","LDPE","N1",1.61356327710508,0.0386270891558531,24,1.53384088335643,1.69328567085372,"C","SOC_std","15"
"889","PBS","N0",1.96930870083433,0.0386270891558531,24,1.88958630708568,2.04903109458297,"AB","SOC_std","15"
"489","PBS","N1",1.92885876042908,0.038627089155853,24,1.84913636668044,2.00858115417772,"B","SOC_std","15"
"190","PLA","N0",2.13366504805867,0.0386270891558531,24,2.05394265431003,2.21338744180731,"A","SOC_std","15"
"589","PLA","N1",2.10818695921507,0.0386270891558531,24,2.02846456546643,2.18790935296372,"AB","SOC_std","15"
"689","PLA/PHA","N0",1.99603054082115,0.0386270891558531,24,1.91630814707251,2.0757529345698,"AB","SOC_std","15"
"289","PLA/PHA","N1",1.99523594267592,0.038627089155853,24,1.91551354892728,2.07495833642457,"AB","SOC_std","15"
"890","LDPE","N0",1.39777331460348,0.0236479078967455,24,1.34896643150987,1.44658019769708,"D","SOC_std","30"
"490","LDPE","N1",1.4786038520032,0.0236479078967455,24,1.4297969689096,1.52741073509681,"D","SOC_std","30"
"390","PBS","N0",1.84393623361144,0.0236479078967455,24,1.79512935051784,1.89274311670505,"ABC","SOC_std","30"
"790","PBS","N1",1.73443087008343,0.0236479078967455,24,1.68562398698983,1.78323775317704,"C","SOC_std","30"
"290","PLA","N0",1.78571428571428,0.0236479078967455,24,1.73690740262068,1.83452116880789,"BC","SOC_std","30"
"690","PLA","N1",1.87363867074316,0.0236479078967455,24,1.82483178764956,1.92244555383677,"AB","SOC_std","30"
"590","PLA/PHA","N0",1.88637599677923,0.0236479078967455,24,1.83756911368562,1.93518287987283,"AB","SOC_std","30"
"191","PLA/PHA","N1",1.94014380460655,0.0236479078967455,24,1.89133692151294,1.98895068770015,"A","SOC_std","30"
"391","LDPE","N0",1.53389368099655,0.0307673002361926,24,1.4703930942939,1.59739426769921,"E","SOC_std","193"
"791","LDPE","N1",1.54753474116814,0.0307673002361926,24,1.48403415446548,1.6110353278708,"DE","SOC_std","193"
"491","PBS","N0",1.83164481525626,0.0307673002361926,24,1.7681442285536,1.89514540195891,"B","SOC_std","193"
"891","PBS","N1",1.80683849821216,0.0307673002361926,24,1.7433379115095,1.87033908491481,"BC","SOC_std","193"
"192","PLA","N0",2.0877045740663,0.0307673002361926,24,2.02420398736365,2.15120516076896,"A","SOC_std","193"
"591","PLA","N1",1.98679135943089,0.0307673002361926,24,1.92329077272823,2.05029194613355,"A","SOC_std","193"
"291","PLA/PHA","N0",1.68110480926113,0.0307673002361926,24,1.61760422255847,1.74460539596379,"CD","SOC_std","193"
"691","PLA/PHA","N1",1.69275891539119,0.0307673002361926,24,1.62925832868853,1.75625950209385,"BC","SOC_std","193"
