"","Date","Plastic","Nitrogen","mean_CO2","sd_CO2","mean_CO2_plastic","sd_CO2_plastic","mean_CO2_plastic_prop","sd_CO2_plastic_prop","mean_CO2_native","sd_CO2_native","mean_priming","se_priming","mean_priming_relative","se_priming_relative"
"1",2023-03-06,"NONE","N0",9.53475727459297,0.689072606433317,0,0,NA,NA,9.53475727459297,0.689072606433317,NA,NA,NA,NA
"2",2023-03-06,"NONE","N1",11.3959302123281,0.716657381734882,0,0,NA,NA,11.3959302123281,0.716657381734882,NA,NA,NA,NA
"3",2023-03-06,"LDPE","N0",10.4084591315237,0.647347820070777,0.560501419006718,0.485721391266011,3.25354620550238e-05,2.81947009569645e-05,9.84795771251697,0.833559538633178,0.313200437923995,0.416779769316587,0.0328482864224107,0.0437116286564703
"4",2023-03-06,"LDPE","N1",10.6607694044837,0.627519049662224,0.223307151889176,0.254683587571634,1.29623246624085e-05,1.47836346501291e-05,10.4374622525945,0.583042338732763,-0.958467959733642,0.291521169366387,-0.0841061626278448,0.0255811648487473
"5",2023-03-06,"PBS","N0",30.4293993465237,1.10359642184203,11.8179316305066,0.529186331068555,0.00105643012191656,4.73050951491509e-05,18.6114677160171,1.43218054786972,9.07671044142415,0.716090273934874,0.951960304811389,0.0751031466572306
"6",2023-03-06,"PBS","N1",27.3120160313177,1.1595928457974,9.59815562801913,0.981366538818401,0.000857999609179303,8.77264486428856e-05,17.7138604032985,0.7043703116214,6.31793019097037,0.35218515581071,0.554402323746736,0.0309044675817437
"7",2023-03-06,"PLA","N0",11.2196091187801,0.57685403245231,0,0,0,0,11.2196091187801,0.57685403245231,1.68485184418708,0.288427016226166,0.176706317283677,0.0302500638369399
"8",2023-03-06,"PLA","N1",12.3514684671648,1.0447134642748,0,0,0,0,12.3514684671648,1.0447134642748,0.955538254836593,0.522356732137412,0.0838490791917002,0.0458371297827293
"9",2023-03-06,"PLA/PHA","N0",85.0910488605488,1.7032955313138,55.9441825435878,1.7742443611553,0.00592708582474921,0.000187974837141486,29.146866316961,0.788267100759877,19.612109042368,0.394133550379948,2.05690700639312,0.0413365059045784
"10",2023-03-06,"PLA/PHA","N1",73.9433593437445,6.75966437843933,47.6040779807011,6.39061783565157,0.0050434816091885,0.00067706307721215,26.3392813630433,0.861949406442803,14.9433511507152,0.430974703221387,1.31128840492103,0.0378182996202586
"11",2023-03-07,"NONE","N0",19.1266495777604,0.930629068525879,0,0,NA,NA,19.1266495777604,0.930629068525879,NA,NA,NA,NA
"12",2023-03-07,"NONE","N1",20.4532666758255,0.979938130256867,0,0,NA,NA,20.4532666758255,0.979938130256867,NA,NA,NA,NA
"13",2023-03-07,"LDPE","N0",19.8241212592973,0.892572056815374,0.58099949964292,0.518864762225252,3.37253154650683e-05,3.01185763507697e-05,19.2431217596544,0.930621450324876,0.116472181893963,0.465310725162424,0.0123384381242739,0.0487599353142359
"14",2023-03-07,"LDPE","N1",20.2614810261643,1.42737543420564,0.223307151889176,0.254683587571634,1.29623246624085e-05,1.47836346501291e-05,20.0381738742751,1.47871068607555,-0.415092801550397,0.739355343037778,-0.0241133424015956,0.0755238812367372
"15",2023-03-07,"PBS","N0",48.0103257579526,0.979139662076521,17.108141448923,0.540779362437216,0.00152933326420646,4.83414209568447e-05,30.9021843090296,1.47185703918316,11.7755347312692,0.735928519591588,1.23332546244081,0.077169633438854
"16",2023-03-07,"PBS","N1",45.5117694462374,2.28082164449698,15.078493052427,0.850579091326204,0.00134789866380456,7.60350796775555e-05,30.4332763938104,2.70317608341141,9.98000971798494,1.35158804170569,0.958724228069648,0.14322721945753
"17",2023-03-07,"PLA","N0",20.6791820394928,0.856642103119323,0.02763442416652,0.05526884833304,2.7610678982595e-06,5.522135796519e-06,20.6515476153263,0.838127788724835,1.52489803756586,0.419063894362432,0.16003037873416,0.0438331957044681
"18",2023-03-07,"PLA","N1",22.7722460405697,1.72062027229158,0.0118726742059849,0.0237453484119697,1.18624724796524e-06,2.37249449593048e-06,22.7603733663637,1.72449391705914,2.30710669053828,0.862246958529575,0.233072688268027,0.0834866404820962
"19",2023-03-07,"PLA/PHA","N0",134.29478577116,3.62033877364963,81.318778601572,2.53979389054113,0.00861543341990507,0.000269082068625853,52.976007169588,1.66497809989868,33.8493575918275,0.832489049949341,3.54120729870958,0.0869698464165479
"20",2023-03-07,"PLA/PHA","N1",132.475336464055,9.01999241553057,81.4190177609711,7.98787814165109,0.00862605339992348,0.000846287087425339,51.0563187030843,1.43298294874753,30.6030520272588,0.71649147437378,3.04024050244496,0.0746375490066943
"21",2023-03-08,"NONE","N0",28.9607274350043,2.10859558024395,0,0,NA,NA,28.9607274350043,2.10859558024395,NA,NA,NA,NA
"22",2023-03-08,"NONE","N1",28.9997561308121,1.07894161975714,0,0,NA,NA,28.9997561308121,1.07894161975714,NA,NA,NA,NA
"23",2023-03-08,"LDPE","N0",29.6694352527411,1.89281578527555,0.586598006415281,0.521164928129735,3.40502923491229e-05,3.02520942295258e-05,29.0828372463259,1.58664096972194,0.122109811321519,0.793320484860967,0.0129117129660428,0.081515198320359
"24",2023-03-08,"LDPE","N1",29.7449711678218,2.67080468925641,0.557159400242814,0.467426480273414,3.2341467676075e-05,2.71327350774589e-05,29.187811767579,2.98096799753277,0.188055636766877,1.49048399876639,0.0464593110245843,0.163993114660331
"25",2023-03-08,"PBS","N0",62.6860479407949,0.963006655298882,20.5745462606668,0.572862819892705,0.00183920258587605,5.12094296685992e-05,42.1115016801281,1.39323221513912,13.1507742451238,0.696616107569559,1.3731697400455,0.0731104300319402
"26",2023-03-08,"PBS","N1",60.9435960903496,3.52869157996124,18.6419700953476,0.955461390770636,0.00166644547932189,8.54107321904584e-05,42.301625995002,4.32496157416434,13.3018698641899,2.16248078708216,1.34740547125152,0.238620081364972
"27",2023-03-08,"PLA","N0",30.072156937465,1.19326922773217,0.0791997332097731,0.0596234119046977,7.91316799650032e-06,5.95721798300438e-06,29.9929572042553,1.21822662250485,1.03222976925099,0.609113311252423,0.109932314079123,0.0629120881488871
"28",2023-03-08,"PLA","N1",32.16845142109,2.54625170424646,0.0206426388394407,0.0412852776788813,2.06249014242158e-06,4.12498028484316e-06,32.1478087822506,2.55319542772371,3.14805265143844,1.27659771386184,0.331469341692726,0.131988772274765
"29",2023-03-08,"PLA/PHA","N0",174.460427800769,5.59041054458543,102.457040247405,3.36845817044963,0.0108549565528643,0.00035687608193716,72.0033875533638,2.89979833161463,43.0426601183595,1.44989916580732,4.47604863919786,0.149710647707887
"30",2023-03-08,"PLA/PHA","N1",193.074809770277,9.8051864749027,119.183811062771,8.67267667816852,0.0126270980282776,0.00091883904035517,73.8909987075057,1.33774190526763,44.8912425766936,0.668870952633819,4.71206033264413,0.0742567720258958
"31",2023-03-09,"NONE","N0",37.0259453412431,2.55647098375578,0,0,NA,NA,37.0259453412431,2.55647098375578,NA,NA,NA,NA
"32",2023-03-09,"NONE","N1",36.5719470808869,1.19235633890926,0,0,NA,NA,36.5719470808869,1.19235633890926,NA,NA,NA,NA
"33",2023-03-09,"LDPE","N0",37.9809241133259,2.39010348725192,0.618265928803138,0.537851954561641,3.58885222844501e-05,3.12207271301322e-05,37.3626581845228,2.08370048390392,0.336712843279646,1.04185024195196,0.0395201734506783,0.11230140841195
"34",2023-03-09,"LDPE","N1",37.8276971920758,3.04410690713282,0.963954745009321,0.809027970629727,5.59547433164216e-05,4.69616988419452e-05,36.8637424470665,3.56992181715796,0.291795366179644,1.78496090857899,0.0601594052373092,0.202875699133604
"35",2023-03-09,"PBS","N0",74.8795413619109,0.895697543636643,23.178146592105,0.541062517409194,0.00207194397426445,4.83667327838991e-05,51.7013947698059,1.22965401033821,14.6754494285628,0.614827005169119,1.56221301217577,0.0630068492599171
"36",2023-03-09,"PBS","N1",73.265521425899,4.25904560160065,21.1905260339137,1.37663663301623,0.00189426633199467,0.000123060485668913,52.0749953919852,5.56067259835257,15.5030483110984,2.78033629917628,1.63809788265812,0.320498049436037
"37",2023-03-09,"PLA","N0",38.2234977941401,1.69607943142197,0.11045847204286,0.0811027475623066,1.10363559381792e-05,8.10330591314538e-06,38.1130393220972,1.75123178898372,1.08709398085415,0.875615894491863,0.116734884355707,0.0962265468003772
"38",2023-03-09,"PLA","N1",40.3800427567816,3.3086394248836,0.0206426388394407,0.0412852776788813,2.06249014242158e-06,4.12498028484316e-06,40.3594001179421,3.31368878614123,3.78745303705527,1.65684439307063,0.415909946774208,0.182229284040537
"39",2023-03-09,"PLA/PHA","N0",208.083242960756,6.46303668784993,119.420011424276,3.22928075143095,0.0126521226108316,0.000342130732735801,88.6632315364799,4.77604448035598,51.6372861952368,2.38802224017799,5.5416895402613,0.266055973270376
"40",2023-03-09,"PLA/PHA","N1",246.16841278985,9.73496950276719,152.389407719628,8.85983121477722,0.0161451120969227,0.000938667393376626,93.7790050702226,0.92305436999463,57.2070579893357,0.461527184997302,6.33851369255584,0.0550436094763243
"41",2023-03-10,"NONE","N0",45.3818879573021,2.78955678935019,0,0,NA,NA,45.3818879573021,2.78955678935019,NA,NA,NA,NA
"42",2023-03-10,"NONE","N1",44.3214787042408,1.28452743530199,0,0,NA,NA,44.3214787042408,1.28452743530199,NA,NA,NA,NA
"43",2023-03-10,"LDPE","N0",46.6365961044548,2.38940383383643,0.809260810686832,0.604507993195953,4.69752145237722e-05,3.50899145080484e-05,45.827335293768,2.15805749190044,0.445447336465915,1.07902874595022,0.0525330073321957,0.116921850003051
"44",2023-03-10,"LDPE","N1",46.1214848704044,3.3499841630091,1.17932446083713,1.19087223260803,6.84563231153356e-05,6.91266373688441e-05,44.9421604095672,3.8611852484521,0.620681705326454,1.93059262422604,0.102598917085443,0.221564629196048
"45",2023-03-10,"PBS","N0",87.4776015626249,1.44401151706764,24.8160398281773,0.474217202723833,0.00221835874506948,4.23912874902078e-05,62.6615617344476,1.73351233380887,17.2796737771455,0.866756166904433,1.87387436125896,0.096028209736928
"46",2023-03-10,"PBS","N1",85.1905385686831,4.81246065817957,23.053256365249,1.04018946733015,0.00206077977043346,9.2984755720815e-05,62.1372822034342,5.80823427809058,17.8158034991934,2.90411713904528,1.93653594324043,0.335940056735861
"47",2023-03-10,"PLA","N0",46.7230877020855,2.25249052755184,0.117090576909213,0.0934684985457707,1.1698996553885e-05,9.33881847069226e-06,46.6059971251762,2.31525134254152,1.22410916787415,1.15762567127077,0.133132218961223,0.130168955426983
"48",2023-03-10,"PLA","N1",48.7421784773039,4.06556135033291,0.0901058031654608,0.110271859492337,9.00283787597275e-06,1.10177107180162e-05,48.6520726741385,4.12611301815498,4.3305939698977,2.06305650907748,0.485996883538957,0.234603504986415
"49",2023-03-10,"PLA/PHA","N0",239.917141151309,7.43691593791165,135.36335778706,3.59622840230744,0.0143412630706514,0.000381007522440231,104.553783364249,5.25742976729653,59.1718954069474,2.6287148836484,6.44339621273535,0.295083711714801
"50",2023-03-10,"PLA/PHA","N1",295.700961933047,8.96977463609083,184.20190196494,8.22878698386362,0.0195155319532571,0.000871810516650939,111.499059968108,0.907593627317349,67.177581263867,0.453796813658699,7.6251105811322,0.0653832787030016
"51",2023-03-12,"NONE","N0",60.8898557671299,3.27716701914645,0,0,NA,NA,60.8898557671299,3.27716701914645,NA,NA,NA,NA
"52",2023-03-12,"NONE","N1",58.5893729226939,1.1547508320267,0,0,NA,NA,58.5893729226939,1.1547508320267,NA,NA,NA,NA
"53",2023-03-12,"LDPE","N0",62.6504800009338,2.90273215884011,1.09254036380507,0.882944474833612,6.34187610321389e-05,5.12523349335137e-05,61.5579396371287,2.71084592645213,0.668083869998766,1.35542296322607,0.0812705345809805,0.153429333781055
"54",2023-03-12,"LDPE","N1",60.6735804207178,3.78730626176062,1.62439485297858,1.6485242567152,9.42913529016904e-05,9.56919939581829e-05,59.0491855677392,4.03966945178647,0.459812645045259,2.01983472589323,0.0789293182322505,0.233655164978104
"55",2023-03-12,"PBS","N0",109.187483983734,1.89009920664298,27.7421510236346,0.515177251676866,0.00247993006766697,4.6052793654069e-05,81.4453329600997,2.24691187549666,20.5554771929698,1.12345593774834,2.29447321136453,0.131171313469172
"56",2023-03-12,"PBS","N1",105.924838876267,5.5779483500663,26.5508731736348,1.2215240806629,0.00237343919907344,0.00010919464368262,79.3739657026323,6.5063638492948,20.7845927799384,3.25318192464742,2.35080171746283,0.38518898793647
"57",2023-03-12,"PLA","N0",62.5460268486879,3.48285763503059,0.12040662934239,0.0997379914796682,1.20303168617379e-05,9.96522905098296e-06,62.4256202193455,3.54159378230592,1.53576445221557,1.77079689115297,0.173393958872756,0.209999716203713
"58",2023-03-12,"PLA","N1",64.0562945606634,5.45419892158501,0.181075074738058,0.190133856001809,1.80919483981833e-05,1.89970481387815e-05,63.8752194859253,5.57577618224292,5.28584656323138,2.78788809112147,0.619833905295783,0.336404172440613
"59",2023-03-12,"PLA/PHA","N0",297.686275368219,8.82131261736457,165.322840587118,4.30735076904931,0.0175153629993203,0.000456348390926346,132.363434781101,5.88523732747285,71.4735790139708,2.94261866373635,8.02787701359197,0.336293808309776
"60",2023-03-12,"PLA/PHA","N1",386.108530593558,8.00180786883616,245.925507729954,7.0597559463222,0.0260549269743067,0.000747955864097795,140.183022863605,1.50470276879869,81.5936499409106,0.752351384399369,9.64012263922475,0.108858536428246
"61",2023-03-14,"NONE","N0",75.6035815069702,3.88999123134883,0,0,NA,NA,75.6035815069702,3.88999123134883,NA,NA,NA,NA
"62",2023-03-14,"NONE","N1",71.5403728192895,1.23277880138998,0,0,NA,NA,71.5403728192895,1.23277880138998,NA,NA,NA,NA
"63",2023-03-14,"LDPE","N0",77.6516378807105,3.74204008622035,1.39362653554832,1.21152007744181,8.08959294814264e-05,7.03251841509345e-05,76.2580113451622,3.54890683078408,0.654429838191925,1.77445341539204,0.0793184227953229,0.210902483603984
"64",2023-03-14,"LDPE","N1",74.4552537352035,4.23519065203554,2.19457085887292,2.00354593893846,0.000127388396326371,0.000116299960466377,72.2606828763305,4.69354673077061,0.720310057041003,2.34677336538529,0.120013643481895,0.284576787947607
"65",2023-03-14,"PBS","N0",128.663946941484,2.15988919970696,30.0428657604841,0.573628761571817,0.00268559586655102,5.12778988294231e-05,98.6210811810002,2.50024168262542,23.0174996740299,1.25012084131276,2.62908790361897,0.149321387811299
"66",2023-03-14,"PBS","N1",124.666039631613,6.57043087280252,29.385870757842,1.43327443582175,0.0026268656815711,0.000128123459698012,95.2801688737708,7.67796284369346,23.7397960544814,3.83898142184679,2.80806438445142,0.475924659410477
"67",2023-03-14,"PLA","N0",77.1061734189727,4.32407610317759,0.122166530266844,0.103083783332912,1.22061557327542e-05,1.02995207454502e-05,76.9840068887058,4.37774543228612,1.38042538173558,2.18887271614306,0.152084005328727,0.267465194275816
"68",2023-03-14,"PLA","N1",78.1673831428606,6.43508809601491,0.19982097120792,0.206047588986914,1.99649272833283e-05,2.05870540322237e-05,77.9675621716527,6.55375021980476,6.42718935236319,3.27687510990239,0.7964615576787,0.411596223225814
"69",2023-03-14,"PLA/PHA","N0",350.028067755192,9.76874073304601,192.070313383172,4.80107239289802,0.020349161969103,0.000508656429135825,157.957754372021,6.3670918386792,82.3541728650504,3.18354591933954,9.50676506423368,0.371150333706098
"70",2023-03-14,"PLA/PHA","N1",466.349361171488,6.14267832968487,301.944206189768,5.41839005060664,0.0319899074935657,0.000574059024580285,164.40515498172,1.80881314501498,92.8647821624307,0.904406572507488,11.3800855585175,0.133975695000766
"71",2023-03-16,"NONE","N0",90.0544959473395,4.44757917727098,0,0,NA,NA,90.0544959473395,4.44757917727098,NA,NA,NA,NA
"72",2023-03-16,"NONE","N1",83.9775946208989,1.56042474697537,0,0,NA,NA,83.9775946208989,1.56042474697537,NA,NA,NA,NA
"73",2023-03-16,"LDPE","N0",92.2727207838222,4.45294229320401,2.01562609247698,1.34421185937338,0.000117001177918721,7.80275525832908e-05,90.2570946913452,4.35993509930646,0.202598744005695,2.17996754965323,0.0167342849584725,0.267229137170455
"74",2023-03-16,"LDPE","N1",87.8698112218953,4.47631953180465,2.61511141035774,2.21773633471104,0.000151799540868485,0.000128733084197908,85.2546998115376,5.27199860126891,1.27710519063872,2.63599930063445,0.20957314702686,0.331210933225692
"75",2023-03-16,"PBS","N0",147.376525756838,2.47665903995862,32.0959990124172,0.674784393099136,0.00286912982828521,6.03204165464064e-05,115.280526744421,2.83816696305531,25.2260307970813,1.4190834815277,2.93472280260932,0.172789167390106
"76",2023-03-16,"PBS","N1",142.41909168351,7.7387927340936,31.7816788097143,1.70149484530247,0.00284103207476588,0.000152100254347659,110.637412873796,9.10579985379538,26.659818252897,4.55289992689771,3.27757601841818,0.590702883049088
"77",2023-03-16,"PLA","N0",91.2385193836531,4.98975713378808,0.146420692801139,0.10560869209237,1.46294879205023e-05,1.05517946658244e-05,91.0920986908519,5.00766160163908,1.03760274351243,2.50383080081955,0.104633191696092,0.311427968099959
"78",2023-03-16,"PLA","N1",91.7334831390846,7.15867588324152,0.214251634620995,0.21921837938702,2.14067536539571e-05,2.19030013575345e-05,91.5192315044636,7.26308900832789,7.54163688356478,3.631544504164,0.975647513545671,0.469637071783053
"79",2023-03-16,"PLA/PHA","N0",400.504844239427,10.7236364202732,218.480907035877,5.38839837181122,0.0231472697998895,0.000570881513601134,182.023937203549,6.88062101550678,91.9694412562095,3.44031050775344,10.8373719553635,0.408572812755743
"80",2023-03-16,"PLA/PHA","N1",540.399096579596,3.84077509701787,354.307141531715,3.57464783800045,0.037537573000443,0.000378721138924039,186.091955047881,2.09215072275316,102.114360426982,1.04607536137672,12.8670535352935,0.157048732426454
"81",2023-03-18,"NONE","N0",104.715876231735,4.86713323506153,0,0,NA,NA,104.715876231735,4.86713323506153,NA,NA,NA,NA
"82",2023-03-18,"NONE","N1",96.3885861574209,1.85791628209895,0,0,NA,NA,96.3885861574209,1.85791628209895,NA,NA,NA,NA
"83",2023-03-18,"LDPE","N0",106.937110014641,5.0240548408451,3.17134961263372,1.63325488129682,0.000184087535706707,9.48056515374818e-05,103.765760402007,5.04496248110768,-0.950115829728195,2.52248124055378,-0.140363118697096,0.313887978315425
"84",2023-03-18,"LDPE","N1",100.719390067525,4.62343619720776,2.96703286089321,2.51007007981329,0.000172227548027747,0.000145702199972909,97.7523572066316,5.70423706665819,1.36377104921084,2.85211853332917,0.223570584847759,0.366585881895231
"85",2023-03-18,"PBS","N0",166.072734874737,2.86014911347502,33.4046395754018,0.685787103441139,0.00298611200018491,6.13039722980753e-05,132.668095299335,3.23692908004718,27.9522190676001,1.61846454002348,3.30646880971122,0.200678276280092
"86",2023-03-18,"PBS","N1",159.022105745534,8.96747282856989,33.9460442246023,1.96603970980531,0.00303450931685956,0.00017574848418998,125.076061520932,10.6024000207583,28.6874753635107,5.30120001037917,3.60438077837327,0.711343591648987
"87",2023-03-18,"PLA","N0",105.836910098047,5.57645489879205,0.278928589138026,0.202257313400105,2.7868891666969e-05,2.02083521571554e-05,105.557981508909,5.65213528781825,0.842105277174175,2.82606764390908,0.077922769432199,0.355812701539217
"88",2023-03-18,"PLA","N1",104.5477467921,7.62698382351691,0.242017399121839,0.246423474095866,2.41809443000858e-05,2.4621173200634e-05,104.305729392979,7.72404109686571,7.91714323555742,3.86202054843287,1.03620452994685,0.508181222428196
"89",2023-03-18,"PLA/PHA","N0",449.95816124183,11.586266535214,244.113752262746,5.9402040482656,0.0258629779697925,0.000629343349206388,205.844408979084,7.37161269627639,101.128532747349,3.68580634813821,12.0868547318323,0.44327663501679
"90",2023-03-18,"PLA/PHA","N1",607.293325071504,2.27763967921415,402.036313735018,3.24971738828886,0.0425943078945993,0.000344295921234724,205.257011336486,2.50976228969291,108.868425179065,1.25488114484621,13.9555812835104,0.189972705852902
"91",2023-03-20,"NONE","N0",119.258357625999,5.17702410855941,0,0,NA,NA,119.258357625999,5.17702410855941,NA,NA,NA,NA
"92",2023-03-20,"NONE","N1",107.917348598715,1.96359433315817,0,0,NA,NA,107.917348598715,1.96359433315817,NA,NA,NA,NA
"93",2023-03-20,"LDPE","N0",121.432469147318,5.50920718060093,4.23389654356376,2.03175358045873,0.000245765266004374,0.000117937331254788,117.198572603754,5.71885363498811,-2.0597850222448,2.85942681749407,-0.292926466474994,0.360170618150865
"94",2023-03-20,"LDPE","N1",112.169850634817,4.89973838347528,3.46008087013342,2.49541511739047,0.000200847537651266,0.000144851522423028,108.709769764684,5.68114314367203,0.792421165969142,2.84057157183611,0.123645062875182,0.364588719836501
"95",2023-03-20,"PBS","N0",184.221913352092,3.00672349358195,34.4876299197649,0.709071058829552,0.00308292281761904,6.33853747463862e-05,149.734283432327,3.43944381127068,30.4759258063283,1.71972190563535,3.65347203710533,0.215115125843844
"96",2023-03-20,"PBS","N1",173.790015667063,9.79535065757286,35.9439785120077,2.19064042746178,0.00321310892538805,0.000195826021525185,137.846037155055,11.6312285204807,29.9286885563402,5.81561426024022,3.81908067660433,0.800741215095585
"97",2023-03-20,"PLA","N0",120.279452527575,6.11464834746983,0.320468162484454,0.279598984449388,3.20192796679309e-05,2.79358735936483e-05,119.958984365091,6.22582853278378,0.700626739091182,3.11291426639194,0.0584654628764673,0.395792279052729
"98",2023-03-20,"PLA","N1",116.791794613463,7.95782957461514,0.263406323830911,0.272897267442996,2.63179989040337e-05,2.72662777454386e-05,116.528388289632,8.05176786195382,8.61103969091717,4.02588393097696,1.15749234414912,0.537666957290834
"99",2023-03-20,"PLA/PHA","N0",498.090924659082,12.3573231228751,269.12240451486,6.4047645960868,0.0285125551290279,0.000678561875825865,228.968520144223,7.74001992566874,109.710162518223,3.87000996283437,13.2669785977806,0.470660023855819
"100",2023-03-20,"PLA/PHA","N1",666.374413279424,2.03560658620901,443.956935328118,4.17046380336983,0.047035647649909,0.000441845707054935,222.417477951306,2.90793835252553,114.500129352592,1.45396917626258,14.9325215183184,0.223234942692675
"101",2023-03-22,"NONE","N0",133.258591379642,5.37596298328207,0,0,NA,NA,133.258591379642,5.37596298328207,NA,NA,NA,NA
"102",2023-03-22,"NONE","N1",119.934921958939,2.11677375022664,0,0,NA,NA,119.934921958939,2.11677375022664,NA,NA,NA,NA
"103",2023-03-22,"LDPE","N0",135.400477609825,5.85968999300606,4.56965071728382,2.30499716038987,0.000265254810202574,0.000133798318979641,130.830826892541,6.13923527566089,-2.4277644871011,3.0696176378304,-0.345144320533851,0.390134106124296
"104",2023-03-22,"LDPE","N1",123.396572065995,5.4030516369798,3.65330173893056,2.57893815029066,0.000212063441896662,0.000149699789306028,119.743270327064,6.08532159286287,-0.191651631875033,3.0426607964314,-0.039904672671022,0.397854265020674
"105",2023-03-22,"PBS","N0",201.652050529646,2.90433367490288,35.8691860603483,0.69823153323776,0.00320642306856511,6.24164064276891e-05,165.782864469297,3.32616088879233,32.5242730896556,1.66308044439629,3.94594100558109,0.207453961244421
"106",2023-03-22,"PBS","N1",188.044873817293,10.5951741487746,37.9100350450429,2.29887758448883,0.00338885891344245,0.000205501571914974,150.13483877225,12.5124046029221,30.1999168133102,6.25620230146102,3.86520990312634,0.875481651681569
"107",2023-03-22,"PLA","N0",135.30265448414,6.67446960418205,0.320468162484454,0.279598984449388,3.20192796679309e-05,2.79358735936483e-05,134.982186321655,6.79364160189196,1.72359494201364,3.39682080094588,0.205245957786868,0.436677393461098
"108",2023-03-22,"PLA","N1",128.468235611782,8.28517451495501,0.347706373689761,0.316665486288684,3.47407603151051e-05,3.16393387975026e-05,128.120529238092,8.41853470520849,8.18560727915248,4.20926735260426,1.08823794596627,0.569040195870101
"109",2023-03-22,"PLA/PHA","N0",547.865852028729,13.1496292470133,295.369246000429,6.78860427077432,0.0312933140040432,0.00071922831496897,252.496606028299,8.18231114163067,119.238014648657,4.09115557081534,14.6288583331276,0.506382141733491
"110",2023-03-22,"PLA/PHA","N1",720.651842970798,2.00950620645272,481.767211757423,5.12468772478155,0.0510415110527638,0.000542942314800194,238.884631213375,3.27620195985108,118.949709254435,1.63810097992554,15.6746324087236,0.254253033700365
"111",2023-03-24,"NONE","N0",147.187013118853,5.70032019622802,0,0,NA,NA,147.187013118853,5.70032019622802,NA,NA,NA,NA
"112",2023-03-24,"NONE","N1",131.392572092839,2.20459674593435,0,0,NA,NA,131.392572092839,2.20459674593435,NA,NA,NA,NA
"113",2023-03-24,"LDPE","N0",149.489604561354,5.6935480493986,4.59961502214469,2.35844042645833,0.000266994150141327,0.000136900543695411,144.889989539209,5.95802934876178,-2.29702357964421,2.97901467438098,-0.326398448418028,0.377166876070157
"114",2023-03-24,"LDPE","N1",134.496425306266,5.85006242547131,3.85973895726393,2.79351671156423,0.000224046516436835,0.000162155444905455,130.636686349002,6.64476594565927,-0.755885743837252,3.3223829728296,-0.137751402540192,0.446767008920488
"115",2023-03-24,"PBS","N0",218.693893601312,2.83984818591914,37.9682070031209,1.00892821950144,0.00339405902888447,9.01902460817706e-05,180.72568659819,3.43207207598256,33.5386734793369,1.71603603799132,4.09169159416848,0.214611238763909
"116",2023-03-24,"PBS","N1",201.965393043131,11.0344122543216,39.5971337839254,2.40497143400767,0.00353967226912325,0.000214985527473869,162.368259259206,13.0283831309324,30.9756871663668,6.51419156546617,4.00177670674416,0.922018245537423
"117",2023-03-24,"PLA","N0",149.890117787737,7.23508344904901,0.558085376741426,0.165739453335594,5.57605835722705e-05,1.65597039881295e-05,149.332032410995,7.28798164990026,2.14501929214173,3.64399082495014,0.265856900084814,0.472206451209993
"118",2023-03-24,"PLA","N1",140.129082228367,8.39711858229018,0.39413439093608,0.332302036894479,3.93795726611195e-05,3.32016502702155e-05,139.734947837431,8.56324377638598,8.34237574459179,4.28162188819305,1.11703499418104,0.58284532812366
"119",2023-03-24,"PLA/PHA","N0",595.568494174112,14.006573967551,321.572435282258,7.1955485436909,0.0340694480843748,0.000762342603565202,273.996058891854,8.72934447225006,126.809045773001,4.36467223612525,15.7162277155431,0.548842633336081
"120",2023-03-24,"PLA/PHA","N1",773.720155704206,2.90182827014344,518.473614697539,6.53685086811264,0.0549304230120078,0.00069255594339423,255.246541006668,3.78828483210939,123.853968913829,1.8941424160547,16.5323002846646,0.297959203862889
"121",2023-03-26,"NONE","N0",161.195590811089,6.09637863413889,0,0,NA,NA,161.195590811089,6.09637863413889,NA,NA,NA,NA
"122",2023-03-26,"NONE","N1",142.341761894849,2.49373031546055,0,0,NA,NA,142.341761894849,2.49373031546055,NA,NA,NA,NA
"123",2023-03-26,"LDPE","N0",163.444663496024,6.24213665788695,4.78429342448911,2.54042676959714,0.000277714189285041,0.000147464316704618,158.660370071535,6.31436405822218,-2.53522073955433,3.15718202911122,-0.360378971131062,0.403371425945049
"124",2023-03-26,"LDPE","N1",144.582290051378,6.13716092278807,3.92210145982965,2.85351141082415,0.000227666476649387,0.00016563796108665,140.660188591548,6.91784376197702,-1.68157330330128,3.45892188098862,-0.307077595473105,0.471346616966488
"125",2023-03-26,"PBS","N0",236.044932556458,2.82188369496986,39.4158948895193,1.11459610221173,0.00352347093768051,9.96361235588587e-05,196.629037666939,3.4855888467843,35.4334468558497,1.7427944233921,4.36213909815725,0.218348202209393
"126",2023-03-26,"PBS","N1",214.311052612213,11.2412449651185,41.3339106904706,2.56586869102372,0.0036949264621994,0.000229368476551583,172.977141921742,13.3643004678698,30.635380026893,6.68215023393481,3.93901607873301,0.954166712128429
"127",2023-03-26,"PLA","N0",164.666068353935,7.87128171974965,0.637291114827084,0.150688289088197,6.36743515403837e-05,1.50558808512875e-05,164.028777239108,7.90660031920754,2.83318642801925,3.9533001596038,0.364071725513163,0.516914036099031
"128",2023-03-26,"PLA","N1",150.635448122223,8.34715035452629,0.549040241699431,0.334822457241907,5.48568472812812e-05,3.34534757350586e-05,150.086407880524,8.5004203028858,7.74464598567426,4.25021015144272,1.00737210188334,0.578799535469173
"129",2023-03-26,"PLA/PHA","N0",642.874337850162,15.2281082726185,346.826140824484,7.84471059826514,0.036744987762251,0.000831118998834443,296.048197025678,9.43954970498219,134.852606214589,4.7197748524911,16.8645331417191,0.600827118276176
"130",2023-03-26,"PLA/PHA","N1",820.754326202289,3.69035096861791,550.603880936723,7.76162908330628,0.0583345096732672,0.000822316809809225,270.150445265566,4.28621019364922,127.808683370716,2.14310509682441,17.2541850156123,0.342771704792479
"131",2023-03-28,"NONE","N0",174.642400090913,6.46554044842626,0,0,NA,NA,174.642400090913,6.46554044842626,NA,NA,NA,NA
"132",2023-03-28,"NONE","N1",152.264488476627,2.90281459923532,0,0,NA,NA,152.264488476627,2.90281459923532,NA,NA,NA,NA
"133",2023-03-28,"LDPE","N0",176.650991569948,7.14177186457884,5.06740848813446,2.94056513383901,0.000294148187662355,0.000170691174166677,171.583583081814,7.09048151514088,-3.05881700909964,3.54524075757036,-0.438365281556248,0.462328841709515
"134",2023-03-28,"LDPE","N1",154.503657494575,6.41358027126836,4.06046174528736,2.93082457227201,0.000235697885071883,0.000170125763160547,150.443195749287,7.25958247720903,-1.82129272733944,3.62979123860439,-0.333205897336645,0.505872767963194
"135",2023-03-28,"PBS","N0",252.533034398396,2.96972540014485,40.4112564624114,1.06048576566376,0.00361244843227754,9.47990851308504e-05,212.121777935984,3.62800487421415,37.4793778450712,1.8140024371071,4.66632764904695,0.22922737901021
"136",2023-03-28,"PBS","N1",226.468004841836,11.5970821718603,42.764655880353,2.75764087667475,0.00382282382720677,0.0002465114013714,183.703348961483,13.9077388991275,31.4388604848557,6.95386944956361,4.10455945479637,1.01069446953185
"137",2023-03-28,"PLA","N0",178.759161018079,8.50341019230957,0.640441907273671,0.153084871536582,6.39891600497243e-05,1.52953331671344e-05,178.118719110805,8.54732268686126,3.47631901989184,4.2736613434306,0.459573664263805,0.565358675781853
"138",2023-03-28,"PLA","N1",160.875044630015,8.42775956309035,0.598469487230897,0.33578738234909,5.9795524571958e-05,3.35498853335224e-05,160.276575142785,8.57372214138134,8.01208666615735,4.28686107069061,1.06396619671779,0.587035317502174
"139",2023-03-28,"PLA/PHA","N0",689.639083533292,16.1189460061355,371.827423697255,8.30795614701512,0.0393937841621321,0.000880198206010897,317.811659836038,9.99457334225818,143.169259745125,4.99728667112908,18.1016562550502,0.643569094614046
"140",2023-03-28,"PLA/PHA","N1",866.163787703004,4.07467499046312,580.517673319219,8.08766292659661,0.0615037688657962,0.000856858928097329,285.646114383785,4.49552668087834,133.381625907158,2.24776334043917,18.3829297409772,0.363132799516332
"141",2023-03-31,"NONE","N0",194.517647845705,6.93674891365352,0,0,NA,NA,194.517647845705,6.93674891365352,NA,NA,NA,NA
"142",2023-03-31,"NONE","N1",166.370383300874,3.57759350283196,0,0,NA,NA,166.370383300874,3.57759350283196,NA,NA,NA,NA
"143",2023-03-31,"LDPE","N0",196.188200593084,7.45670925096379,5.29318905477626,3.25737506917136,0.000307254086790593,0.000189081060936145,190.895011538307,7.42043698788792,-3.62263630739775,3.71021849394407,-0.523467014814688,0.487559534781514
"144",2023-03-31,"LDPE","N1",169.067927764558,6.73112571464931,4.33903579516311,3.09133013511483,0.000251868290929746,0.000179442639929115,164.728891969395,7.77222713435838,-1.64149133147942,3.88611356717929,-0.295033416957397,0.560460685114541
"145",2023-03-31,"PBS","N0",276.519914236855,3.22968809490618,41.7219465432653,1.02070402593989,0.0037296138149522,9.1242910542896e-05,234.79796769359,3.9165119490358,40.2803198478854,1.9582559745179,5.08910506520839,0.251541699259078
"146",2023-03-31,"PBS","N1",243.985360674223,12.0757161572366,44.6478891927163,3.03091288330598,0.00399117007086261,0.000270939769067875,199.337471481507,14.6481048945107,32.9670881806328,7.32405244725546,4.42923857063022,1.09152887009158
"147",2023-03-31,"PLA","N0",199.33434434204,9.29039026886788,0.642542435571395,0.154804538159243,6.41990323892847e-05,1.54671520651482e-05,198.691801906469,9.34354030156133,4.17415406076429,4.67177015078063,0.564904931630168,0.626806697359548
"148",2023-03-31,"PLA","N1",175.757177206177,8.54824647004346,0.638367179547526,0.385296412688804,6.37818655503792e-05,3.84965342494258e-05,175.118810026629,8.69843654774261,8.74842672575514,4.34921827387131,1.22036729302735,0.599288578692629
"149",2023-03-31,"PLA/PHA","N0",759.300930635824,17.1445701853876,410.344896758554,8.88625374448507,0.043474572515933,0.000941466765789732,348.95603387727,10.5609983160459,154.438386031565,5.28049915802311,19.8026273478227,0.690187953279084
"150",2023-03-31,"PLA/PHA","N1",931.6042179403,5.26262574492629,623.96668237963,9.39011524999702,0.0661070358006685,0.00099484908815421,307.63753556067,5.00447323667766,141.267152259796,2.50223661833882,20.0589950310909,0.41731631215041
"151",2023-04-03,"NONE","N0",214.245650533005,7.74020516586881,0,0,NA,NA,214.245650533005,7.74020516586881,NA,NA,NA,NA
"152",2023-04-03,"NONE","N1",179.555823681342,4.19639925347815,0,0,NA,NA,179.555823681342,4.19639925347815,NA,NA,NA,NA
"153",2023-04-03,"LDPE","N0",215.650532966954,7.53308240312136,5.67812037797052,3.5938789142516,0.000329598220159196,0.000208614121356189,209.972412588984,7.52200128958126,-4.2732379440211,3.76100064479066,-0.622446436631103,0.494860712192187
"154",2023-04-03,"LDPE","N1",182.886329710898,7.00080750834007,4.7796591735073,3.43714786404119,0.000277445184619112,0.000199516343966076,178.106670537391,8.30019761603086,-1.44915314395126,4.15009880801537,-0.251117913906113,0.62079231163695
"155",2023-04-03,"PBS","N0",300.256975415727,3.5262747199096,43.0672767649671,0.986764247530498,0.00384987575372173,8.8208961340629e-05,257.18969865076,4.23114395522711,42.9440481177552,2.11557197761357,5.49416485288342,0.275993970530281
"156",2023-04-03,"PBS","N1",260.485788775072,12.4993481828242,46.32178992018,3.18449806607904,0.00414080362814481,0.000284669076228756,214.163998854891,15.2261991042947,34.6081751735492,7.61309955214748,4.80361425849261,1.16028788047714
"157",2023-04-03,"PLA","N0",219.258486559703,9.94625891470447,0.708595403180389,0.154113013278985,7.07986534760495e-05,1.5398058997161e-05,218.549891156523,9.97579499214379,4.30424062351799,4.98789749607195,0.584595187512547,0.675637150089654
"158",2023-04-03,"PLA","N1",190.023829345715,8.59578617875144,0.67670266845548,0.409662822909598,6.7612120421985e-05,4.09310815608175e-05,189.347126677259,8.77417339183744,9.79130299591706,4.38708669591863,1.45876808045588,0.607599761591828
"159",2023-04-03,"PLA/PHA","N0",831.595835398992,17.7282544268318,453.455204507618,9.29307958145928,0.0480419552596342,0.000984568506522004,378.140630891374,11.1064893387551,163.894980358369,5.55324466937754,21.2404553916657,0.734017965877634
"160",2023-04-03,"PLA/PHA","N1",995.599278621036,6.38297404597765,667.11135563122,10.8595074765949,0.070678059446312,0.00115052593320374,328.487922989816,5.33784482125055,148.932099308474,2.66892241062528,21.8050951418878,0.454490097291926
"161",2023-04-06,"NONE","N0",234.2949252175,8.66434108721589,0,0,NA,NA,234.2949252175,8.66434108721589,NA,NA,NA,NA
"162",2023-04-06,"NONE","N1",192.218356346925,4.73857119494271,0,0,NA,NA,192.218356346925,4.73857119494271,NA,NA,NA,NA
"163",2023-04-06,"LDPE","N0",235.715458717458,7.82840952955958,6.24103582516204,4.2355627825277,0.000362273809464111,0.000245861986285087,229.474422892296,8.01968916013064,-4.82050232520335,4.00984458006538,-0.704446595913465,0.531386121669613
"164",2023-04-06,"LDPE","N1",196.221333466784,7.16309638304881,5.19722243568826,3.78091629261689,0.000301683506256792,0.000219471092133281,191.024111031096,8.68527480110599,-1.19424531582894,4.34263740055305,-0.1907096618756,0.666920223650053
"165",2023-04-06,"PBS","N0",324.461447278046,3.90939237558255,44.2226402556633,0.995379235586903,0.00395315616111412,8.89790735029999e-05,280.238807022383,4.63286307482215,45.9438818048832,2.31643153741111,5.94288255006005,0.306825948037355
"166",2023-04-06,"PBS","N1",276.16597433508,12.9681970996972,47.8227985231195,3.34311444947617,0.0042749819895518,0.000298848133147454,228.343175811961,15.8650307320106,36.1248194650356,7.93251536600549,5.16281406532817,1.23897234064487
"167",2023-04-06,"PLA","N0",239.12294751074,10.6505470610903,0.757116306124024,0.158272064319643,7.56465745582823e-05,1.58136067301763e-05,238.365831204616,10.691333832527,4.0709059871165,5.34566691626356,0.549735444999086,0.729490394004786
"168",2023-04-06,"PLA","N1",203.541616691431,8.81370719399288,0.696573848136498,0.410079050320406,6.9597530937044e-05,4.09726685370986e-05,202.845042843295,9.01062473023466,10.6266864963701,4.50531236511726,1.65650436187881,0.636618700324582
"169",2023-04-06,"PLA/PHA","N0",906.132219635167,17.98270386345,498.846856922727,9.60266231089102,0.0528510383020385,0.00101736768820225,407.285362712439,11.4822081319514,172.99043749494,5.74110406597575,22.6013802247904,0.763347708571091
"170",2023-04-06,"PLA/PHA","N1",1057.3325633632,7.08635060161916,708.330990395614,11.7906618184175,0.0750451321570988,0.00124917840159524,349.001572967588,5.67110244879167,156.783216620663,2.83555122439584,23.6651821525253,0.49402850806364
"171",2023-04-09,"NONE","N0",254.024023262744,9.57958059682208,0,0,NA,NA,254.024023262744,9.57958059682208,NA,NA,NA,NA
"172",2023-04-09,"NONE","N1",204.540215072179,5.21536404448855,0,0,NA,NA,204.540215072179,5.21536404448855,NA,NA,NA,NA
"173",2023-04-09,"LDPE","N0",255.386294358135,7.96402861690021,8.29914550079119,4.89390486979678,0.000481741034676805,0.000284076811927324,247.087148857343,8.09853605103476,-6.93687440540068,4.0492680255173,-1.02741295109617,0.53701031344088
"174",2023-04-09,"LDPE","N1",208.972609072682,7.35590938576697,5.55217327634635,4.08147135370074,0.000322287360620079,0.000236917431167834,203.420435796336,9.04234011989264,-1.11977927584304,4.52117005994626,-0.172754127340646,0.710835802135977
"175",2023-04-09,"PBS","N0",348.421622214236,4.33856777734538,44.6971049454623,1.02248428253149,0.003995569572002,9.1402051477783e-05,303.724517268774,5.07975020611785,49.7004940060295,2.53987510305881,6.514557423158,0.341606551902849
"176",2023-04-09,"PBS","N1",291.009852100122,13.437017185047,49.1363725120483,3.5542480436765,0.00439240517092207,0.000317721815584906,241.873479588074,16.5441331478997,37.3332645158942,8.27206657394983,5.45691643352085,1.32474739908274
"177",2023-04-09,"PLA","N0",258.62755711337,11.4075590083346,0.764863515693593,0.161642381701208,7.64206298277074e-05,1.61503488700925e-05,257.862693597677,11.465360687998,3.83867033493278,5.73268034399906,0.514456904956776,0.788751031483421
"178",2023-04-09,"PLA","N1",216.572601512907,9.05517450040508,0.708615949256259,0.415787808740031,7.08007063181923e-05,4.15430538476942e-05,215.863985563651,9.24133275765885,11.3237704914718,4.62066637882935,1.82630579758875,0.669032772503025
"179",2023-04-09,"PLA/PHA","N0",979.518162935884,18.0927543410694,543.414411859723,9.62369625482195,0.0575728111674296,0.00101959615924686,436.10375107616,11.9541124815118,182.079727813416,5.9770562407559,23.9835618439172,0.801185161986982
"180",2023-04-09,"PLA/PHA","N1",1116.46005173701,7.27624167198692,747.178740692672,12.0894770045872,0.0791609122014258,0.00128083680062158,369.281311044335,5.85333696617036,164.741095972156,2.92666848308519,25.6029706242244,0.516132209987135
"181",2023-04-12,"NONE","N0",273.317661987277,10.3934911247414,0,0,NA,NA,273.317661987277,10.3934911247414,NA,NA,NA,NA
"182",2023-04-12,"NONE","N1",216.432197708053,5.75074881361019,0,0,NA,NA,216.432197708053,5.75074881361019,NA,NA,NA,NA
"183",2023-04-12,"LDPE","N0",274.466678706041,8.06782034843184,9.69866460935127,5.6768635535012,0.000562979010724268,0.000329525265188083,264.76801409669,8.23467335654571,-8.54964789058758,4.11733667827283,-1.2778700643282,0.547465573814439
"184",2023-04-12,"LDPE","N1",221.101346009448,7.56068103302831,5.91145426717755,4.36458690420489,0.000343142567490019,0.000253351457805873,215.18989174227,9.34427922514715,-1.24230596578231,4.67213961257349,-0.203769592205996,0.748889697970705
"185",2023-04-12,"PBS","N0",371.612230202118,4.68152148655181,45.3457949019906,1.07227248206435,0.00405355735119105,9.58527248567615e-05,326.266435300128,5.42605909371029,52.9487733128506,2.71302954685507,7.01945594214821,0.369700449639317
"186",2023-04-12,"PBS","N1",305.201611714739,13.8876885110753,50.2200690664096,3.74918044498535,0.00448927911797464,0.000335147238824675,254.98154264833,17.1904086678744,38.5493449402773,8.59520433393744,5.7638194751147,1.40973986191944
"187",2023-04-12,"PLA","N0",277.975056459738,12.1944450965774,0.774811424607223,0.167972300978052,7.7414565934019e-05,1.67827968924777e-05,277.20024503513,12.2699190611651,3.88258304785307,6.13495953058264,0.521343701625469,0.851946297337563
"188",2023-04-12,"PLA","N1",228.97469571532,9.17040828096093,0.711967535239589,0.418654227485112,7.11355769278009e-05,4.18294494220082e-05,228.262728180081,9.33620139645084,11.830530472028,4.66810069822546,1.95392150867802,0.688836831086011
"189",2023-04-12,"PLA/PHA","N0",1052.66666974688,18.1003258314387,589.345542687549,9.31658417831866,0.0624390500159855,0.000987058734397867,463.321127059334,12.5869784564365,190.003465072057,6.29348922821822,25.2153934030358,0.852682856735606
"190",2023-04-12,"PLA/PHA","N1",1174.10062867496,7.08501250453616,784.482243613947,12.0390627972772,0.0831130847656763,0.00127549559587204,389.618385061015,5.96851248219996,173.186187352963,2.98425624109999,27.7340698240511,0.530737233292895
"191",2023-04-15,"NONE","N0",293.504597626371,11.1872509543143,0,0,NA,NA,293.504597626371,11.1872509543143,NA,NA,NA,NA
"192",2023-04-15,"NONE","N1",229.044016497857,6.34271134924707,0,0,NA,NA,229.044016497857,6.34271134924707,NA,NA,NA,NA
"193",2023-04-15,"LDPE","N0",294.557893031704,8.23173232106801,10.2765201086223,6.52682216286593,0.000596521826196772,0.000378862867459159,284.281372923082,8.42851916437024,-9.22322470328946,4.21425958218524,-1.37833323792128,0.561651961278936
"194",2023-04-15,"LDPE","N1",232.868913716726,7.69346377200947,6.08463336053735,4.51417302582554,0.000353195105502707,0.000262034493064858,226.784280356188,9.42536102090211,-2.25973614166854,4.71268051045104,-0.443671259307585,0.758350818684873
"195",2023-04-15,"PBS","N0",395.868478415858,4.90670422844468,46.0602795183094,0.852248211405678,0.00411742665539118,7.61842858825138e-05,349.808198897549,5.39330295591757,56.3036012711777,2.69665147795876,7.51760949433066,0.36779606250161
"196",2023-04-15,"PBS","N1",318.839483473503,14.1993651897446,51.5230391564241,3.9276501929447,0.00460575439419763,0.000351101030358588,267.316444317079,17.6724342232406,38.2724278192222,8.83621711162017,5.70208848276864,1.471370974538
"197",2023-04-15,"PLA","N0",298.737738051133,13.0349064387294,0.779785379064038,0.171409747061758,7.79115339871748e-05,1.71262461345002e-05,297.957952672069,13.1241268575491,4.45335504569844,6.56206342877454,0.605713749643215,0.916426501689506
"198",2023-04-15,"PLA","N1",241.369483416629,9.25165022027564,0.817546673327749,0.421382337374461,8.16844187326649e-05,4.21020259950904e-05,240.551936743301,9.46133550938503,11.507920245444,4.73066775469247,1.87907173436986,0.713190852261827
"199",2023-04-15,"PLA/PHA","N0",1129.76521513344,18.43643712848,638.745419856585,9.42737010172584,0.0676727901190751,0.000998796106298834,491.019795276854,13.3911843409929,197.515197650484,6.69559217049652,26.3319950225792,0.91423660100056
"200",2023-04-15,"PLA/PHA","N1",1230.4145997548,6.32245800467618,820.576071809204,11.4531273934046,0.0869370966241095,0.001213417837853,409.838527945597,6.087409467592,180.79451144774,3.04370473379606,29.5481543219518,0.54517397689248
"201",2023-04-18,"NONE","N0",313.053701096399,11.9144723520843,0,0,NA,NA,313.053701096399,11.9144723520843,NA,NA,NA,NA
"202",2023-04-18,"NONE","N1",241.039094816409,6.88585869406063,0,0,NA,NA,241.039094816409,6.88585869406063,NA,NA,NA,NA
"203",2023-04-18,"LDPE","N0",313.858757932752,8.40720363099844,10.8572842894908,7.52088252421115,0.00063023348209775,0.000436565153430647,303.001473643261,8.56139707050109,-10.052227453138,4.28069853525056,-1.506050130778,0.571364134729733
"204",2023-04-18,"LDPE","N1",244.700045254376,7.83961727135624,6.30031418366252,4.73118347586436,0.000365714744166996,0.000274631312668443,238.399731070714,9.57134466715138,-2.6393637456952,4.78567233357564,-0.534860313243525,0.776847607728786
"205",2023-04-18,"PBS","N0",419.058052117445,5.15984285826749,46.7676022620342,0.74753204272026,0.00418065574452034,6.68234841525888e-05,372.290449855411,5.59495840236954,59.236748759012,2.79747920118472,7.96698420493339,0.384297467340253
"206",2023-04-18,"PBS","N1",332.598687156064,14.395738433189,52.5657897205576,4.0847964116784,0.00469896809182577,0.000365148666121432,280.032897435507,18.0038255470126,38.9938026190982,9.00191277350644,5.88919628586281,1.51089387038683
"207",2023-04-18,"PLA","N0",318.366806994287,13.9725599430482,0.796082466834618,0.181756058257108,7.95398424189815e-05,1.8159988235828e-05,317.570724527453,14.0750932200656,4.51702343105351,7.03754661003274,0.614442021966795,0.990343739443742
"208",2023-04-18,"PLA","N1",254.199388546895,8.89585418073017,1.01836975280582,0.547787691905222,0.000101749470735749,5.47316999285835e-05,253.181018794089,9.30294185521153,12.1419239776806,4.65147092760561,2.04264572706888,0.708665017610248
"209",2023-04-18,"PLA/PHA","N0",1201.29647443899,18.4723258049599,684.47457751963,9.61421624238037,0.0725176306340148,0.00101859178587314,516.821896919357,13.9629330617752,203.768195822958,6.98146653088757,27.2901507187371,0.958583347973835
"210",2023-04-18,"PLA/PHA","N1",1285.76018589038,5.69754363667093,855.35960715116,10.7865197470543,0.0906222876464172,0.00114279314460142,430.400578739221,6.19220087133619,189.361483922812,3.09610043566798,31.6989335607978,0.559452003038203
"211",2023-04-22,"NONE","N0",338.389568499232,12.8845948111444,0,0,NA,NA,338.389568499232,12.8845948111444,NA,NA,NA,NA
"212",2023-04-22,"NONE","N1",256.246282492575,7.52239510824671,0,0,NA,NA,256.246282492575,7.52239510824671,NA,NA,NA,NA
"213",2023-04-22,"LDPE","N0",338.738767065852,8.56243950222067,11.5523445571877,8.56680213709019,0.000670579690329807,0.000497277716723953,327.186422508665,8.5890807980175,-11.2031459905677,4.29454039900872,-1.68776016483825,0.573412961229769
"214",2023-04-22,"LDPE","N1",260.630350341569,8.03315567339133,6.54026891994374,4.97562471383739,0.000379643412235378,0.00028882040899018,254.090081421625,9.68790762070918,-2.15620107095022,4.84395381035464,-0.407687449119836,0.794776130799831
"215",2023-04-22,"PBS","N0",448.77458420586,5.73395452607394,47.8893448695178,0.743171966313493,0.00428093070943246,6.64337276203977e-05,400.885239336342,6.28196962307788,62.4956708371097,3.14098481153894,8.48150525143689,0.439723872107709
"216",2023-04-22,"PBS","N1",350.714595478603,14.6358684551364,53.654590912023,4.27277991713775,0.00479629835327976,0.000381952912735794,297.06000456658,18.4315235478696,40.8137220740045,9.21576177393467,6.36780397449594,1.56417725565128
"217",2023-04-22,"PLA","N0",343.236449040054,15.2388416701586,0.832327522684824,0.208130514457162,8.31612336075799e-05,2.07951676015789e-05,342.40412151737,15.3760984296456,4.01455301813661,7.6880492148229,0.535115783947425,1.09424735461646
"218",2023-04-22,"PLA","N1",271.014650535134,8.15021190475076,1.19360613849231,0.756128740978099,0.000119258051924576,7.55479029013151e-05,269.821044396642,8.64846548708036,13.5747619040667,4.32423274354024,2.41944658024141,0.652924826812608
"219",2023-04-22,"PLA/PHA","N0",1293.52471640729,19.8164452409214,744.566282182137,10.6433749335798,0.0788841315764972,0.00112762746416325,548.958434225153,14.8296943897301,210.56886572592,7.41484719486484,28.3638520723526,1.02499604589369
"220",2023-04-22,"PLA/PHA","N1",1360.13033148274,6.08048732464286,902.271387049413,10.4831382232113,0.0955924227526377,0.00111065095844902,457.858944433321,6.27749721993581,201.612661940746,3.13874860996791,34.9213773586905,0.575721848641334
"221",2023-04-27,"NONE","N0",368.45162547028,14.1237387296861,0,0,NA,NA,368.45162547028,14.1237387296861,NA,NA,NA,NA
"222",2023-04-27,"NONE","N1",274.199118922804,8.34741876113896,0,0,NA,NA,274.199118922804,8.34741876113896,NA,NA,NA,NA
"223",2023-04-27,"LDPE","N0",368.067491298714,8.79305512804225,13.8912302108934,8.9991912056904,0.000806345136868793,0.000522376632904003,354.176261087821,9.38142607020088,-14.2753643824589,4.69071303510052,-2.20255984661129,0.647413824327534
"224",2023-04-27,"LDPE","N1",279.228924954563,8.26698746769962,6.91002294788479,5.33786334933776,0.000401106548166571,0.000309847298451175,272.318902006678,9.95242223914977,-1.88021691612662,4.97621111957488,-0.332618431246785,0.833805109406817
"225",2023-04-27,"PBS","N0",483.323029195289,6.36735562863255,49.1489434687682,0.738391675369892,0.00439352891556331,6.60064072142338e-05,434.174085726521,6.88438716012941,65.722460256241,3.44219358006451,9.01715269916149,0.489351143339028
"226",2023-04-27,"PBS","N1",371.978417152013,14.9790532442084,54.9265334845212,4.63066606135135,0.00491000001351501,0.00041394511871437,317.051883667492,19.1669933392166,42.8527647446876,9.58349666960827,6.93609113869791,1.67145043567284
"227",2023-04-27,"PLA","N0",372.5842748382,16.4053413920242,0.852026012383756,0.228786129898804,8.51293899630073e-05,2.28589542891916e-05,371.732248825817,16.5636906293025,3.28062335553679,8.28184531465131,0.412927827228392,1.19357294295148
"228",2023-04-27,"PLA","N1",290.428176409552,8.03687460997653,1.25237648163321,0.7992066416765,0.000125130036332075,7.98519914549987e-05,289.175799927919,8.49931156271809,14.9766810051147,4.24965578135913,2.809565528175,0.653339266418661
"229",2023-04-27,"PLA/PHA","N0",1402.67620879703,21.3258499017747,814.844211783929,11.6870473665437,0.086329826578135,0.00123820082142487,587.831997013104,16.1584793117755,219.380371542824,8.07923965588796,29.8319567264494,1.13672706818288
"230",2023-04-27,"PLA/PHA","N1",1448.4899036334,8.40036026829306,956.382747548182,11.2594217893952,0.101325327644406,0.00119289542269726,492.107156085217,6.41331024888716,217.908037162413,3.20665512444382,39.4666079040232,0.6126807904909
"231",2023-05-11,"NONE","N0",446.851233917749,17.2468932827979,0,0,NA,NA,446.851233917749,17.2468932827979,NA,NA,NA,NA
"232",2023-05-11,"NONE","N1",320.879910185925,9.51404728467689,0,0,NA,NA,320.879910185925,9.51404728467689,NA,NA,NA,NA
"233",2023-05-11,"LDPE","N0",445.700763977801,8.78767757982497,20.5888370188817,11.0159054937761,0.00119512155164922,0.000639440977383474,425.11192695892,12.5038391015828,-21.7393069588293,6.25191955079143,-3.52795481435412,0.960764349261069
"234",2023-05-11,"LDPE","N1",326.963804594709,6.19273890218572,8.78874689472057,6.17641904898553,0.000510160958398862,0.000358522995285737,318.175057699988,8.63479458690162,-2.70485248593695,4.31739729345065,-0.581935942316257,0.632506180566293
"235",2023-05-11,"PBS","N0",571.274557953358,7.93703668802885,51.4962255518352,1.2330781594161,0.0046033574688768,0.000110227487432906,519.778332401523,8.84835418406326,72.927098483775,4.42417709203158,10.3031933060037,0.667696345990191
"236",2023-05-11,"PBS","N1",426.748139485142,16.1375291460764,58.4098505314023,5.54914502070339,0.00522138115596565,0.000496049912458588,368.33828895374,21.235139792283,47.458378767815,10.6175698961415,8.31432756572768,2.01142462231224
"237",2023-05-11,"PLA","N0",446.82345201397,18.6525901716377,1.03618173185319,0.402070677273252,0.00010352913812653,4.01725193606748e-05,445.787270282117,18.7169227800679,-1.06396363563155,9.35846139003398,-0.367234718644717,1.38656091636227
"238",2023-05-11,"PLA","N1",340.606335388613,10.205907831173,1.27859567269731,0.78687441151309,0.000127749702525559,7.86198280991437e-05,339.327739715916,10.5088025676087,18.4478295299911,5.25440128380444,3.85058619140593,1.03617817490953
"239",2023-05-11,"PLA/PHA","N0",1668.85852851098,18.5456010392836,982.170251162968,7.96829112427676,0.104057421316734,0.000844211913068179,686.688277348014,17.5868344941083,239.837043430266,8.79341724705432,33.4759411358688,1.28169669366813
"240",2023-05-11,"PLA/PHA","N1",1668.43312264648,11.8241894998137,1086.08896046408,12.8617917055825,0.115067236472134,0.00136266077781413,582.344162182397,7.04808882275681,261.464251996473,3.52404441137848,52.5214408840697,0.731674249395696
"241",2023-05-25,"NONE","N0",518.07101169621,18.9847502572004,0,0,NA,NA,518.07101169621,18.9847502572004,NA,NA,NA,NA
"242",2023-05-25,"NONE","N1",365.265033149103,9.1896735767427,0,0,NA,NA,365.265033149103,9.1896735767427,NA,NA,NA,NA
"243",2023-05-25,"LDPE","N0",516.956959804837,8.55764790365062,22.5850469282821,11.4370338692916,0.00131099567713538,0.000663886243385046,494.371912876554,11.1429499485296,-23.699098819655,5.5714749742646,-3.90719472475106,0.834331555316396
"244",2023-05-25,"LDPE","N1",373.027922872249,4.62677719804381,11.4194213282574,7.30075334196013,0.000662863887078571,0.000423787300576996,361.608501543992,7.80277332779707,-3.65653160511242,3.90138666389872,-0.881518888838025,0.504399966343462
"245",2023-05-25,"PBS","N0",648.94097943477,9.2342647915082,54.6189069410599,1.22948816275243,0.00488250062047615,0.000109906569971912,594.32207249371,9.28266701819257,76.2510607975006,4.64133350909639,10.9443353128122,0.722348564593543
"246",2023-05-25,"PBS","N1",478.069422093082,16.5794407159444,61.0161521157047,6.16746591524522,0.00545436401511067,0.000551322936404518,417.053269977378,22.110344943054,51.7882368282739,11.055172471527,9.68129667595493,2.19049801458786
"247",2023-05-25,"PLA","N0",513.768615301742,20.5190886283834,2.17547900914739,1.31988308748184,0.000217360970480126,0.000131874896337334,511.593136292594,20.4051204203615,-6.47787540361517,10.2025602101809,-1.42948399653877,1.56110923786042
"248",2023-05-25,"PLA","N1",387.352180581368,13.294479614053,1.28742089824173,0.774469368933743,0.000128631466762757,7.73803897581822e-05,386.064759683126,13.4388731360159,20.799726534022,6.71943656800805,4.59085981326153,1.64602906542762
"249",2023-05-25,"PLA/PHA","N0",1903.81820180667,11.2086077207688,1127.19555239096,14.2691252178588,0.119422332699052,0.00151176272429156,776.622649415706,21.5178708581607,258.551637719497,10.7589354290804,37.171909866688,1.71803147901804
"250",2023-05-25,"PLA/PHA","N1",1859.01482573102,10.0004677950364,1197.39163997183,11.9708356003936,0.126859356831619,0.00126826716865903,661.623185759193,8.1414948197252,296.358152610089,4.0707474098626,63.5204576998456,0.894449538174553
"251",2023-06-08,"NONE","N0",577.96212241688,18.5147974887072,0,0,NA,NA,577.96212241688,18.5147974887072,NA,NA,NA,NA
"252",2023-06-08,"NONE","N1",402.898758258762,8.83247894847684,0,0,NA,NA,402.898758258762,8.83247894847684,NA,NA,NA,NA
"253",2023-06-08,"LDPE","N0",574.421255895274,9.66755569148264,22.8155723103099,11.7734830317171,0.00132437699886866,0.000683416129637502,551.605683584964,10.5425072428046,-26.3564388319157,5.27125362140236,-4.54859720372202,0.792517095752136
"254",2023-06-08,"LDPE","N1",418.357718391278,4.75127262744066,14.8234266154373,9.85899274088315,0.000860456401745898,0.000572285588126075,403.534291775841,10.6105478388299,0.635533517079295,5.30527391941501,0.813527950434599,1.18952609799346
"255",2023-06-08,"PBS","N0",711.497467092816,10.0118804995385,58.4108022030915,2.27127145452347,0.00522146622792832,0.000203033801059906,653.086664889725,8.87851994799255,75.1245424728452,4.43925997399632,10.6677954797852,0.717668216182995
"256",2023-06-08,"PBS","N1",524.421955781789,14.6286070645107,62.8727895028563,6.59165553552267,0.00562033279226963,0.000589242151566391,461.549166278933,20.5890985333677,58.6504080201709,10.2945492666838,12.2875010231401,1.95456464544565
"257",2023-06-08,"PLA","N0",571.477959979944,20.9053644861385,3.71507180449145,2.74666438112034,0.000371187958804573,0.000274430427944002,567.762888175453,20.4723827872814,-10.199234241427,10.2361913936406,-2.29545617325302,1.59332859919668
"258",2023-06-08,"PLA","N1",429.67880798303,15.4064498200107,1.29776107115562,0.776316178371478,0.000129664595563378,7.75649120128167e-05,428.381046911874,15.3624409873524,25.482288653112,7.68122049367614,6.40227232702343,2.20541837823784
"259",2023-06-08,"PLA/PHA","N0",2146.29494079213,11.9815522285937,1279.51565168549,22.6329278325712,0.135560101816504,0.00239787766358872,866.779289106634,25.6395112558735,288.817166689754,12.8197556279367,44.3475800699365,2.26393127132398
"260",2023-06-08,"PLA/PHA","N1",2012.27582848244,2.96733715377559,1289.013906777,9.08839638449973,0.136566407933656,0.000962883054700448,723.26192170544,9.15628952738447,320.363163446678,4.57814476369217,72.4046460171959,1.07497272958024
"261",2023-06-23,"NONE","N0",627.940094834873,19.4862590273345,0,0,NA,NA,627.940094834873,19.4862590273345,NA,NA,NA,NA
"262",2023-06-23,"NONE","N1",451.671565442347,10.90040938657,0,0,NA,NA,451.671565442347,10.90040938657,NA,NA,NA,NA
"263",2023-06-23,"LDPE","N0",625.266203970997,9.16786725141804,23.0307293335359,12.0949170261462,0.00133686623248638,0.000702074429463887,602.235474637461,11.702458620047,-25.7046201974123,5.85122931002346,-4.27800414800871,0.94601036768366
"264",2023-06-23,"LDPE","N1",463.554907283883,6.7614794823923,19.8696395725538,12.5975215022486,0.00115337425105087,0.000731249143936319,443.685267711329,14.6188106867648,-7.98629773101812,7.30940534338251,-1.42386483591716,1.94182957043929
"265",2023-06-23,"PBS","N0",769.897126124035,13.0784820563708,62.7733347702898,2.77513803130143,0.00561144232153961,0.000248075509353526,707.123791353745,11.051032321098,79.1836965188718,5.52551616054892,11.9830878394965,1.10110881050168
"266",2023-06-23,"PBS","N1",576.948500673821,18.4754306148939,64.5764539999912,6.43903858547422,0.00577262699642352,0.000575599396794475,512.37204667383,24.4257891851439,60.7004812314829,12.2128945925718,13.126402721548,2.41562652328655
"267",2023-06-23,"PLA","N0",632.759921553092,22.122614404247,5.11084658739504,3.63902733985498,0.000510645503606402,0.000363590046545468,627.649074965697,21.3561171519703,-0.29101986917613,10.678058575985,0.872452201193233,1.84049719614881
"268",2023-06-23,"PLA","N1",474.480260538711,20.5890369510419,1.41066337857095,0.672305152443151,0.000140945125049552,6.71727466821683e-05,473.06959716014,20.3391828181304,21.398031717793,10.1695914090652,5.44131662485438,3.1045915257409
"269",2023-06-23,"PLA/PHA","N0",2350.35389903498,18.0915384219167,1408.42515334429,24.4357408428783,0.149217601939274,0.00258887924681408,941.928745690696,23.7576571632584,313.988650855822,11.8788285816292,51.7472749424568,1.98180098327602
"270",2023-06-23,"PLA/PHA","N1",2144.44432116669,6.51023235717388,1363.36789793522,7.99442937175424,0.144443947062305,0.000846981166796971,781.076423231476,8.04654417878835,329.404857789129,4.02327208939416,75.5449499489955,1.04930735543146
"271",2023-07-06,"NONE","N0",671.519189010344,22.0260429195615,0,0,NA,NA,671.519189010344,22.0260429195615,NA,NA,NA,NA
"272",2023-07-06,"NONE","N1",496.131604100987,13.6083932933014,0,0,NA,NA,496.131604100987,13.6083932933014,NA,NA,NA,NA
"273",2023-07-06,"LDPE","N0",671.666783456778,8.23295416077497,24.3312002484182,11.6501789429512,0.00141235475164089,0.000676258689236404,647.335583208359,13.1268651253263,-24.1836058019842,6.56343256266304,-3.78373186674413,1.15033197468691
"274",2023-07-06,"LDPE","N1",503.934310773485,6.5820936306653,26.3629462764473,15.9544620194805,0.0015302916444993,0.000926109686863974,477.571364497038,16.0191153503119,-18.5602396039491,8.00955767515604,-4.37971436140275,2.06662358280207
"275",2023-07-06,"PBS","N0",819.450272750369,16.3880491685076,67.0543290776775,3.52753922484339,0.00599412953614519,0.000315334257286357,752.395943672691,13.7241623891314,80.8767546623478,6.86208119456557,12.5719850527402,1.54097408499948
"276",2023-07-06,"PBS","N1",622.290383795034,21.8585703698295,67.5918624824926,6.00779337622899,0.00604218079402496,0.000537049467481735,554.698521312541,27.5148760925116,58.5669172115546,13.7574380462559,12.519901216756,2.78862306472863
"277",2023-07-06,"PLA","N0",683.607067913754,23.3461377075638,5.94344097349781,3.83603762139223,0.000593833400625244,0.000383274146373343,677.663626940256,22.3653811484042,6.14443792991275,11.1826905742022,2.94479784641152,2.15377234815456
"278",2023-07-06,"PLA","N1",512.444419394809,24.4186206139895,2.34283764455812,0.57529809266293,0.000234082453545763,5.74803761428101e-05,510.101581750251,24.2724280349357,13.969977649264,12.1362140174678,3.3319513102844,3.68990419396953
"279",2023-07-06,"PLA/PHA","N0",2472.49040715223,19.2579372335899,1481.44447851476,25.3706513675195,0.156953737985474,0.00268792966932556,991.045928637468,21.3432486993009,319.526739627124,10.6716243496495,53.4626076432654,1.59386697892967
"280",2023-07-06,"PLA/PHA","N1",2248.22001408561,9.23302300967125,1421.24738525182,8.73898377393062,0.150576071498134,0.000925864039729538,826.972628833793,6.06850048202697,330.841024732806,3.03425024101333,75.9967247967428,0.833588038585896
"281",2023-07-20,"NONE","N0",718.112185492888,30.9957707318523,0,0,NA,NA,718.112185492888,30.9957707318523,NA,NA,NA,NA
"282",2023-07-20,"NONE","N1",535.626015997581,13.5705515824825,0,0,NA,NA,535.626015997581,13.5705515824825,NA,NA,NA,NA
"283",2023-07-20,"LDPE","N0",718.841882317255,13.3330672079736,28.4851521938806,12.3652631351887,0.00165347946839805,0.000717767227509009,690.356730123375,20.1698866452576,-27.7554553695135,10.0849433226288,-4.88651516642746,2.28956689530027
"284",2023-07-20,"LDPE","N1",542.920291816152,6.57394530024402,35.3831454420125,18.3646213112941,0.00205388772780643,0.00106601235887563,507.53714637414,18.3604476533592,-28.0888696234414,9.1802238266794,-7.76861163364862,2.41494586267187
"285",2023-07-20,"PBS","N0",867.769528967782,18.3025355455215,69.2809856496725,4.10034268116074,0.00619317511767037,0.000366538380318302,798.488543318109,15.35249782021,80.376357825221,7.67624891010488,12.4651182211238,1.80406713462459
"286",2023-07-20,"PBS","N1",668.713312164509,27.5996463572912,69.8659758732235,5.79446172297674,0.00624546864182571,0.000517979295856087,598.847336291286,33.0395174375931,63.2213202937045,16.5197587187965,14.1778467419791,3.76093141717835
"287",2023-07-20,"PLA","N0",730.632312046904,23.6666512211235,6.19283850349193,3.93541932443294,0.000618751723866667,0.000393203777194905,724.439473543412,22.4487085760975,6.32728805052347,11.2243542880487,3.04800774102416,2.22289536352764
"288",2023-07-20,"PLA","N1",548.873060818302,25.0495323725645,3.13652075413314,0.649462015062058,0.000313382566406205,6.48903957658472e-05,545.73654006417,25.0392381382528,10.1105240665881,12.5196190691265,1.96274508223695,3.8255499741006
"289",2023-07-20,"PLA/PHA","N0",2592.67271807568,20.7088571130209,1545.652195335,28.6406120616699,0.163756315678128,0.0030343702963326,1047.02052274068,23.7541342526685,328.90833724779,11.8770671263328,56.3788395805221,1.97675990415738
"290",2023-07-20,"PLA/PHA","N1",2353.99940548529,12.0388734266795,1475.20534691947,9.26401743709348,0.156292724333011,0.000981489476387288,878.794058565826,5.16740858447453,343.168042568244,2.58370429223705,80.3797877648464,0.865052367801916
"291",2023-08-04,"NONE","N0",760.96426026862,39.3623597415075,0,0,NA,NA,760.96426026862,39.3623597415075,NA,NA,NA,NA
"292",2023-08-04,"NONE","N1",576.470987887626,13.945989170828,0,0,NA,NA,576.470987887626,13.945989170828,NA,NA,NA,NA
"293",2023-08-04,"LDPE","N0",760.674139487476,23.5383251220777,32.1330392898194,14.3105025928363,0.00186522860616341,0.000830682667891634,728.541100197656,31.4748849742849,-32.423160070964,15.7374424871423,-6.51630344784675,4.33984533207709
"294",2023-08-04,"LDPE","N1",579.695148958129,8.45466776984432,41.0464060522896,18.1887602497784,0.00238262338207098,0.00105580414048425,538.64874290584,20.6850266875222,-37.8222449817861,10.3425133437609,-11.3244189188018,2.83507970068808
"295",2023-08-04,"PBS","N0",914.557804267203,19.1002752138748,70.0267840540202,4.41581663926959,0.00625984362819012,0.000394739270494899,844.531020213183,16.4477677411979,83.5667599445623,8.22388387059886,13.582357598938,2.03128294526908
"296",2023-08-04,"PBS","N1",716.102930890053,33.6564492047534,70.5058581520791,5.82203019877363,0.00630266908391649,0.0005204437007247,645.597072737974,39.1737052263609,69.1260848503481,19.5868526131806,16.3359049332392,4.87360158921351
"297",2023-08-04,"PLA","N0",777.941996353877,24.0128474608925,6.45562247070765,4.14588172007411,0.000645007540585862,0.000414231932545421,771.48637388317,22.7264433061908,10.5221136145493,11.3632216530953,4.51678707288642,2.38881550681208
"298",2023-08-04,"PLA","N1",591.284228933539,26.1788113944924,3.13652075413314,0.649462015062058,0.000313382566406205,6.48903957658472e-05,588.147708179405,26.1521618280903,11.6767202917793,13.0760809140452,2.55407166754315,4.1081424973918
"299",2023-08-04,"PLA/PHA","N0",2705.85397641952,19.9407257864337,1603.07552305497,31.3746607933606,0.169840111638035,0.00332403296982218,1102.77845336455,24.4478367882011,341.814193095927,12.2239183940991,60.881791383533,2.1143130316076
"300",2023-08-04,"PLA/PHA","N1",2457.3986891974,13.9384717495633,1522.31579490197,8.68402370502694,0.161283907611399,0.000920041217221401,935.082894295434,6.46779184451936,358.611906407809,3.23389592225967,86.0363893994805,1.25071947909188
"301",2023-08-18,"NONE","N0",801.449839316377,40.5063768037409,0,0,NA,NA,801.449839316377,40.5063768037409,NA,NA,NA,NA
"302",2023-08-18,"NONE","N1",618.108460485178,15.533065024758,0,0,NA,NA,618.108460485178,15.533065024758,NA,NA,NA,NA
"303",2023-08-18,"LDPE","N0",799.534633660375,27.2718541203188,32.8626155991904,14.9683776670066,0.00190757836929487,0.000868870384794376,766.672018061184,34.8547530600156,-34.7778212551934,17.4273765300078,-7.33549536374619,4.94384333959453
"304",2023-08-18,"LDPE","N1",613.630148648734,9.9873362285684,42.3409148435427,17.3262305762775,0.00245776581745027,0.00100573682484168,571.289233805192,21.3223840127178,-46.8192266799857,10.6611920063591,-14.2967712065501,2.95775583098532
"305",2023-08-18,"PBS","N0",958.206902189713,19.9254742903934,72.5914041115876,4.33587666432606,0.0064891004867331,0.000387593265583378,885.615498078125,18.1771792717563,84.1656587617479,9.08858963587807,13.8002691317296,2.36692062536149
"306",2023-08-18,"PBS","N1",755.231027657496,34.9496083691985,71.5658604350681,6.26222103674973,0.00639742494949953,0.000559793298875124,683.665167222429,40.9025047758901,65.5567067372507,20.4512523879451,15.1884251379092,5.14337681500881
"307",2023-08-18,"PLA","N0",824.0159111365,27.5031872669396,7.36822299961402,4.40391245652344,0.000736189177268951,0.000440012834614574,816.647688136886,26.7476657719003,15.1978488205086,13.3738328859503,6.13100114803712,3.32646983707857
"308",2023-08-18,"PLA","N1",631.406420391936,27.8672302697181,3.13652075413314,0.649462015062058,0.000313382566406205,6.48903957658472e-05,628.269899637803,27.7842565546214,10.1614391526252,13.8921282773108,2.12552772309604,4.49993152338926
"309",2023-08-18,"PLA/PHA","N0",2803.74725210115,20.2880297827653,1654.02039622581,31.6829593932606,0.175237538535447,0.00335669610257664,1149.72685587534,20.3518036240222,348.277016558962,10.1759018120096,63.1274139998373,1.54943659871822
"310",2023-08-18,"PLA/PHA","N1",2546.31899432545,15.4302914015594,1563.82595069035,7.86746828142914,0.165681759984428,0.00083353009387874,982.4930436351,8.57143216765012,364.384583149923,4.28571608382516,88.018406066686,1.63250745056011
"311",2023-08-30,"NONE","N0",836.893348816567,41.7052633206129,0,0,NA,NA,836.893348816567,41.7052633206129,NA,NA,NA,NA
"312",2023-08-30,"NONE","N1",652.947493389909,16.6358433087483,0,0,NA,NA,652.947493389909,16.6358433087483,NA,NA,NA,NA
"313",2023-08-30,"LDPE","N0",834.215093986884,27.029956993135,32.8626155991904,14.9683776670066,0.00190757836929487,0.000868870384794376,801.352478387693,34.7714991721436,-35.5408704288742,17.3857495860717,-7.59301032683445,4.93208842641931
"314",2023-08-30,"LDPE","N1",645.043093208429,10.815524442721,42.9282046393395,16.4803181188299,0.00249185626614229,0.000956634089812153,602.11488856909,20.1025579688027,-50.8326048208193,10.0512789844014,-15.5904846164093,2.76195293784324
"315",2023-08-30,"PBS","N0",995.687915588556,21.036194158312,76.4260758148393,4.39907933050418,0.00683188997152914,0.000393243086755439,919.261839773716,19.7101781233848,82.3684909571493,9.8550890616925,13.1908618775804,2.65897711649947
"316",2023-08-30,"PBS","N1",789.514611140102,36.5395983681693,72.3929403892978,6.33851269397825,0.0064713593911768,0.000566613172882442,717.121670750804,42.4710247580654,64.1741773608955,21.2355123790326,14.7766025608161,5.40310552361319
"317",2023-08-30,"PLA","N0",861.712841404629,31.2001150589593,8.78837083656342,4.66216753586742,0.000878081933193796,0.000465816151696284,852.924470568065,30.905829345713,16.0311217514976,15.4529146728566,6.40694095156869,4.17583696696421
"318",2023-08-30,"PLA","N1",661.042860450209,28.6877418016061,3.23035497739641,0.814571269045217,0.000322757925923346,8.1387133969308e-05,657.812505472813,28.5399145281194,4.86501208290406,14.2699572640595,0.317855520251098,4.63963453917155
"319",2023-08-30,"PLA/PHA","N0",2879.44980315027,21.3412186617934,1691.90363224561,32.0792325393232,0.179251131745674,0.00339867982349223,1187.54617090466,17.5536552154824,350.652822088094,8.7768276077428,63.9292175633063,1.31346459456915
"320",2023-08-30,"PLA/PHA","N1",2619.49810747817,16.6667014373073,1595.41032241601,7.08223327604317,0.169028011076629,0.000750337256698601,1024.08778506216,10.40181965941,371.140291672253,5.20090982970564,90.4040735189778,1.96649673257246
"321",2023-09-14,"NONE","N0",878.153440827635,44.6333908438161,0,0,NA,NA,878.153440827635,44.6333908438161,NA,NA,NA,NA
"322",2023-09-14,"NONE","N1",693.892049492641,18.0840563379105,0,0,NA,NA,693.892049492641,18.0840563379105,NA,NA,NA,NA
"323",2023-09-14,"LDPE","N0",875.363881482733,26.6440535311071,34.6163915868782,14.8274218586807,0.00200937991727586,0.000860688313888384,840.747489895855,35.7035796593082,-37.4059509317805,17.851789829654,-8.28072746148388,5.14496578882321
"324",2023-09-14,"LDPE","N1",683.637627903422,11.6778535736122,43.1973045891423,15.9982017230942,0.00250747672830156,0.000928648648263477,640.44032331428,19.6191242824267,-53.4517261783619,9.8095621412135,-16.522691315151,2.68043145699873
"325",2023-09-14,"PBS","N0",1040.38278746819,22.3194379680605,80.6052432185722,5.12907290209804,0.0072054746619701,0.000458498769555848,959.777544249618,21.0155235852899,81.6241034219824,10.507761792645,12.9328035770965,2.92411140838576
"326",2023-09-14,"PBS","N1",832.757316872391,38.3844884351612,74.2051152189184,6.27465173808977,0.00663335356545754,0.000560904505788714,758.552201653472,44.1776969658349,64.660152160831,22.0888484829176,14.9720022848765,5.7060718483708
"327",2023-09-14,"PLA","N0",906.430659899992,34.3414695223631,10.3064842874323,5.02034895370865,0.00102976283270711,0.000501603516346808,896.124175612559,34.6706103081561,17.9707347849241,17.335305154078,7.14295523543979,5.0227118493298
"328",2023-09-14,"PLA","N1",696.946459188572,30.2378912606042,3.40324609911825,1.01325378568119,0.000340032182235103,0.000101238313618408,693.543213089454,30.0264071645219,-0.348836403187575,15.0132035822609,-1.58969728164252,4.95017508822641
"329",2023-09-14,"PLA/PHA","N0",2977.43441324419,23.9751499607927,1739.56679489302,32.6949706227058,0.184300873163739,0.00346391506869281,1237.86761835117,14.2170074603056,359.714177523534,7.10850373015163,67.2747764708519,1.21521009362047
"330",2023-09-14,"PLA/PHA","N1",2712.00757318381,18.722476036009,1635.08216776021,6.51741098609283,0.173231101040416,0.00069049635750126,1076.9254054236,12.8275505049213,383.033355930954,6.41377525246227,94.7684211881267,2.43117661779147
